rind_Mix,rindMixoos,adjrind_Mix,adjrindMixoos,midMix,midMixoos,bayesPmix,bayesPmixoos,meanBeta1,Mix_beta1_c1,mixEq,zeroInDPM,commonInDPM,rind_DPM,rind_DPMoos,adjrind_DPM,adjrind_DPMoos,midDPM,midDPMoos,bayesPDPM,bayesPDPMoos,dpm_beta1_c1,dpmEq,adjrind_K,adjrind_Koos,rind_K,rind_Koos,kmean_MSE,kmean_MSEoos,meanBetakclust1,zeroInk,commonInk,meanBetaSLR,zeroInSLR,commonInSLR,slrRMSE,ncMix,ncDPM,ncK,N,fractions,variance,interEffect,common,prec,alph,bet
0.3476510067114094,0.42335570469798656,0.0026702043031004374,0.0009849612076082528,21.97320362829031,26.692696003072054,0.49275362318840576,0.5139930034982508,1.6837080885514502,1.9464676904690779,1,true,true,0.1297539149888143,0.14093959731543623,0.0,0.000197634154475796,10.905498887646958,11.445116140349555,0.7028985507246377,0.6776611694152923,5.049279937234773e-7,1,0.004150885898601413,-0.007757684907496125,0.7940044742729306,0.7905145413870246,6.216431098371992,5.213702022968841,2.431367380669436,false,true,1.6264075368319655,false,true,6.229455234722431,14,1,10,150,"[0.125, 0.125, 0.125, 0.125, 0.125, 0.125, 0.125, 0.125]",0.1,2.0,1.0,0.01,1.0,0.1
0.19838926174496643,0.23543624161073826,6.818999268638317e-5,-0.0005589747597177393,14.03379054690129,15.862397220928573,0.49600199900049974,0.5247376311844077,1.0898908684652677,1.027270208349865,1,true,true,0.12053691275167785,0.12053691275167785,0.0,0.0,8.868724995291414,9.431497795319766,0.7043978010994503,0.6946526736631684,-3.200511210605118e-5,1,0.0015256419085356487,-0.00832839884033006,0.7962416107382551,0.7795078299776287,5.250975560969218,5.212675162360389,0.42294469577475413,true,true,1.1742368386222826,false,true,5.300100527814311,2,1,10,150,"[0.125, 0.125, 0.125, 0.125, 0.125, 0.125, 0.125, 0.125]",0.1,2.0,1.0,0.01,1.0,0.1
0.19722595078299776,0.22586129753914988,-0.0014078184686162,0.000197634154475796,13.664547224131736,20.079070643355546,0.5304847576211894,0.5382308845577212,0.5127431782477828,0.49486825749810903,1,true,true,0.12053691275167785,0.13082774049217002,0.0,0.0,9.804472119751868,11.316642840286793,0.6856571714142928,0.6836581709145427,9.45247769278687e-6,1,-0.0016294475438525945,-0.011180612421278987,0.7935570469798657,0.7945413870246085,5.3728363947148905,5.671937824113482,1.2214294042808438,true,true,0.762712396720085,true,true,5.3812185645579165,2,1,10,150,"[0.125, 0.125, 0.125, 0.125, 0.125, 0.125, 0.125, 0.125]",0.1,2.0,1.0,0.01,1.0,0.1
0.18899328859060402,0.2575391498881432,-0.0008096691325774669,-7.55488399715413e-5,16.51805642248821,34.38335523892474,0.5029985007496252,0.5239880059970015,1.2799350485623493,1.3362041386215133,1,true,true,0.12053691275167785,0.13082774049217002,0.0,0.0,10.220900365840336,11.663717358380245,0.6976511744127936,0.6969015492253873,-6.262908585295155e-5,1,0.00526589899817276,0.000881005981213415,0.796599552572707,0.785592841163311,5.719817942856987,6.333220219320004,2.0440312036296384,true,true,1.3610836177203314,false,true,5.881773369057707,3,1,10,150,"[0.125, 0.125, 0.125, 0.125, 0.125, 0.125, 0.125, 0.125]",0.1,2.0,1.0,0.01,1.0,0.1
0.3067561521252796,0.39033557046979867,0.000715845590825222,-0.0007793648259462252,20.253822734241485,34.01409530182451,0.4987506246876562,0.5604697651174413,0.9241917229366179,1.0855513862362587,1,true,true,0.12053691275167785,0.13082774049217002,0.0,0.0,9.541611557174834,10.250141773960442,0.6964017991004497,0.6871564217891054,-2.6861219269212263e-5,1,-0.010783743967376318,0.00595655963094183,0.7789709172259508,0.7993736017897092,5.4916169503002745,5.051296425350467,0.45106547123942775,true,true,0.6107878427029914,true,true,5.494906787057685,14,1,10,150,"[0.125, 0.125, 0.125, 0.125, 0.125, 0.125, 0.125, 0.125]",0.1,2.0,1.0,0.01,1.0,0.1
0.25333333333333335,0.3464876957494407,-0.0009687384495061421,-0.0018202330669284793,19.678645720769385,28.82596363311774,0.5069965017491254,0.5764617691154423,1.8364283648010054,1.9551551988430629,1,true,true,0.14093959731543623,0.13995525727069352,0.0,0.0,10.81621982652182,11.143315034422812,0.690904547726137,0.6889055472263867,-5.694798141868936e-9,1,0.01656767208526266,-0.0006987652560918898,0.7957046979865772,0.8017002237136466,5.648818943116205,5.577103704218705,3.033888907796784,false,false,2.0494985065914273,false,false,5.740233215821514,10,2,10,150,"[0.125, 0.125, 0.125, 0.125, 0.125, 0.125, 0.125, 0.125]",0.1,2.0,1.0,0.01,1.0,0.1
0.19812080536912752,0.32348993288590605,-0.0017872885620773052,-0.0008950600190445904,18.884410025693096,20.573739585664452,0.5022488755622189,0.519240379810095,1.3112708293384225,1.3772310415054005,1,true,true,0.1487248322147651,0.13986577181208054,-0.0010375793109979289,0.0,9.7356547421349,10.11040576022996,0.7028985507246377,0.6974012993503248,-0.0005076597155144754,1,0.007938877545853306,0.008515786934208716,0.8004474272930648,0.7992841163310962,5.555965015164583,5.4907786181278055,2.3575318613067484,false,true,1.7647803535450168,false,true,5.573681091741496,3,2,10,150,"[0.125, 0.125, 0.125, 0.125, 0.125, 0.125, 0.125, 0.125]",0.1,2.0,1.0,0.01,1.0,0.1
0.29950782997762865,0.35955257270693514,-0.0010629859823097828,-0.0005195764074671455,22.670935199295293,120.01153737889426,0.5292353823088456,0.5352323838080959,0.6122109427710889,0.6244651256730688,1,true,true,0.15991051454138702,0.1501565995525727,-0.0008096691325774669,0.000197634154475796,11.316050050637543,12.001040010955029,0.6829085457271364,0.676911544227886,0.0003230615724390078,1,-0.007168918898694955,-0.0019857489114959983,0.781744966442953,0.7841610738255034,5.599074275069843,5.274429400029217,1.8587407694946765,true,true,1.0275316929572043,false,true,5.627623536525539,11,2,9,150,"[0.125, 0.125, 0.125, 0.125, 0.125, 0.125, 0.125, 0.125]",0.1,2.0,1.0,0.01,1.0,0.1
0.25592841163310964,0.3624161073825503,-0.0003334904606902902,0.00028025563555480034,17.39883313824687,20.60839968225602,0.5294852573713142,0.5219890054972514,0.7232563422425458,0.9559867537352046,1,true,true,0.12053691275167785,0.13082774049217002,0.0,0.0,9.566173358547761,10.786297429623996,0.7016491754122939,0.7041479260369815,-7.889639426485739e-6,1,0.008139299317090943,0.0067625654534504715,0.8017002237136466,0.8027740492170022,5.31538557377506,5.521042984499696,0.7896547807294451,true,true,0.8661381136358532,true,true,5.465295225733883,12,1,10,150,"[0.125, 0.125, 0.125, 0.125, 0.125, 0.125, 0.125, 0.125]",0.1,2.0,1.0,0.01,1.0,0.1
0.1410290827740492,0.225413870246085,0.0,-0.000805236046906514,15.856030960258874,17.04914639131581,0.5347326336831584,0.5632183908045978,1.4424107197522265,1.4337635231103132,1,true,true,0.12053691275167785,0.1297539149888143,0.0,0.0,8.928381160586744,10.184088594261306,0.7161419290354822,0.7168915542228885,-7.322075949552423e-5,1,0.0022819806056985086,0.01239789412551921,0.8013422818791947,0.8045637583892618,5.1993834877199,5.799270533104034,1.2071334445170363,true,true,1.6661694397342262,false,true,5.2245707710863725,2,1,10,150,"[0.125, 0.125, 0.125, 0.125, 0.125, 0.125, 0.125, 0.125]",0.1,2.0,1.0,0.01,1.0,0.1
0.2196868008948546,0.2366890380313199,-0.0003048874977249819,-0.00015060710520297703,12.516157392959576,24.516634301488462,0.5367316341829085,0.5949525237381309,0.37096627181086794,0.41710954868411015,1,true,true,0.12053691275167785,0.13082774049217002,0.0,0.0,8.355713822143079,9.67443949543399,0.7013993003498251,0.6984007996002,-0.00013780296111292278,1,0.005401099201339059,0.003856727081139523,0.7923042505592841,0.7959731543624161,4.859022592589485,6.075901374661792,-0.7753183980091073,true,true,0.3939033362600768,true,true,5.00697091123388,6,1,10,150,"[0.125, 0.125, 0.125, 0.125, 0.125, 0.125, 0.125, 0.125]",0.1,2.0,1.0,0.01,1.0,0.1
0.2808948545861297,0.4421476510067114,-0.0009459977389871087,-0.0003309693542206371,23.154965662780015,42.00126834295455,0.4937531234382808,0.5384807596201899,2.2609203701203464,2.354845161404147,1,true,true,0.13082774049217002,0.13082774049217002,0.0,0.0001560563100023023,9.70394249840426,10.402722873392474,0.7246376811594203,0.7066466766616691,8.017485537427023e-10,1,-0.018416965679633426,0.009539438620904537,0.7838031319910514,0.7968680089485458,5.818078075042552,5.585682844349399,1.3043691995086673,true,true,1.7548739125868198,false,true,5.82265199664101,10,1,10,150,"[0.125, 0.125, 0.125, 0.125, 0.125, 0.125, 0.125, 0.125]",0.1,2.0,1.0,0.01,1.0,0.1
0.3323489932885906,0.4076957494407159,-0.0024736176084927536,0.00036168195032936895,19.6243544992391,27.742256511306827,0.5234882558720639,0.5419790104947526,0.40146942089167065,0.25736643485592314,1,true,true,0.1297539149888143,0.13082774049217002,0.0,0.0,9.464516925907605,10.7319421338542,0.6946526736631684,0.7001499250374813,-2.7489106166734665e-5,1,0.008867700237936326,-0.01349004663272573,0.7979418344519016,0.7805816554809843,5.333841919225101,5.390870800825311,0.3106444394993368,true,true,0.7987503508556216,true,true,5.366907439787295,17,1,10,150,"[0.125, 0.125, 0.125, 0.125, 0.125, 0.125, 0.125, 0.125]",0.1,2.0,1.0,0.01,1.0,0.1
0.19973154362416107,0.27051454138702463,-0.00034722498515251494,-0.00018614191955651014,16.58713243117666,28.119627780957984,0.5199900049975013,0.5112443778110944,0.26527273913099375,0.24153809653762756,1,true,true,0.12053691275167785,0.1297539149888143,0.0,0.0,10.25278494074879,11.117829979815182,0.7166416791604198,0.7106446776611695,7.644470524317216e-5,1,-0.017168558484884622,-0.010080185270431327,0.792841163310962,0.7937360178970917,6.149283683706454,5.532687523256555,0.435138536583324,true,true,0.47917517965559675,true,true,6.153285111099609,2,1,10,150,"[0.125, 0.125, 0.125, 0.125, 0.125, 0.125, 0.125, 0.125]",0.1,2.0,1.0,0.01,1.0,0.1
0.21897091722595077,0.27937360178970916,-0.0008748750093689681,-0.0005025236446668314,17.185498786330005,19.82672132049037,0.48425787106446777,0.5622188905547226,1.6133250717212475,1.7887220115913407,1,true,true,0.12053691275167785,0.1297539149888143,0.0,0.0,9.657615997470556,10.34716808363799,0.708895552223888,0.7133933033483258,-0.003544957394436323,1,0.001630258706530453,0.012781489645821816,0.7985682326621923,0.7914988814317674,5.763240248824308,5.75529794038516,-0.4815114570108726,true,true,1.2419745954472552,false,true,5.835526144512559,6,1,10,150,"[0.125, 0.125, 0.125, 0.125, 0.125, 0.125, 0.125, 0.125]",0.1,2.0,1.0,0.01,1.0,0.1
0.23659955257270693,0.38729306487695747,-0.0008908556578326988,-0.0004015777511428475,17.239055732283617,66.17528825773306,0.5154922538730635,0.5349825087456272,0.571596122786105,0.5548466189294754,1,true,true,0.12053691275167785,0.13082774049217002,0.0,0.0,9.056171559786174,10.673407310053259,0.7091454272863569,0.7071464267866067,0.00032126792092273485,1,0.00642476233165147,-0.009709617914634467,0.7860402684563759,0.7776286353467562,5.055169051059103,5.705808953108429,0.13102200212847834,true,true,0.683076530099235,true,true,5.079872298640362,7,1,9,150,"[0.125, 0.125, 0.125, 0.125, 0.125, 0.125, 0.125, 0.125]",0.1,2.0,1.0,0.01,1.0,0.1
0.19946308724832215,0.225413870246085,-0.0002288101051075907,-0.0002551044776784168,14.085168256394809,20.553980888870832,0.5242378810594702,0.5537231384307846,1.422213446987197,1.402440715284679,1,true,true,0.12053691275167785,0.1297539149888143,0.0,0.0,9.095243013465856,10.511422059015585,0.6974012993503248,0.688655672163918,-9.433702096256292e-7,1,0.0028197373610975855,-0.010042163608961685,0.7845190156599553,0.7861297539149888,5.171777553561784,6.0597439848060475,1.2639093543501134,true,true,1.5644866523554375,false,true,5.210204961306051,3,1,10,150,"[0.125, 0.125, 0.125, 0.125, 0.125, 0.125, 0.125, 0.125]",0.1,2.0,1.0,0.01,1.0,0.1
0.2991498881431767,0.39865771812080536,0.0003267236193923133,-0.0008949919269578297,21.99061738576107,63.463345521918214,0.4920039980009995,0.5497251374312844,1.831840594306335,2.0374323543274704,1,true,true,0.1501565995525727,0.14093959731543623,0.0,0.00010876062490641266,11.070199305790926,11.123165939511248,0.7171414292853573,0.712143928035982,-3.3550827123271135e-5,1,0.002134644004127977,-7.469307261411543e-5,0.7950782997762863,0.781923937360179,5.912498443678339,5.935252641550853,0.33259390944203115,true,true,1.4674870309242107,false,true,5.970661853051657,13,2,10,150,"[0.125, 0.125, 0.125, 0.125, 0.125, 0.125, 0.125, 0.125]",0.1,2.0,1.0,0.01,1.0,0.1
0.17727069351230426,0.24223713646532438,-0.0016018354982596202,-0.0004717461478336046,12.96207323835986,20.325684993589256,0.4892553723138431,0.566216891554223,1.3149571675882392,1.2673218569341924,1,true,true,0.12053691275167785,0.13082774049217002,0.0,0.0,8.253186970581522,9.421852964231721,0.7361319340329835,0.7363818090954523,-0.000254339465278133,1,-0.010720600039374813,-0.0010594191580240739,0.7984787472035794,0.8019686800894854,4.921630714821482,5.816205936119562,0.5512024083087823,true,true,1.4214494354526266,false,true,5.094902831828266,2,1,10,150,"[0.125, 0.125, 0.125, 0.125, 0.125, 0.125, 0.125, 0.125]",0.1,2.0,1.0,0.01,1.0,0.1
0.2569127516778523,0.3251901565995526,-0.0003032018199059379,-0.0008102644535535477,20.606221058071526,27.27418161965627,0.537231384307846,0.5507246376811594,0.4828957132498417,0.4961084782247804,1,true,true,0.13986577181208054,0.13986577181208054,0.0,0.000197634154475796,10.638197167335004,11.516112733588203,0.7011494252873564,0.6836581709145427,4.528340253291987e-5,1,-0.008820440731001503,0.004318855812275347,0.7901565995525727,0.7863982102908278,5.852044066904158,5.7366602398325135,-1.2644646997345212,true,false,0.29233782598849145,true,true,5.9184869564711535,5,2,10,150,"[0.125, 0.125, 0.125, 0.125, 0.125, 0.125, 0.125, 0.125]",0.1,2.0,1.0,0.01,1.0,0.1
0.1799552572706935,0.22845637583892617,0.0,-0.00023869815725741206,13.40783340412957,21.664952370576575,0.5322338830584707,0.566216891554223,0.16437501151561731,0.07061262896814627,1,true,true,0.12053691275167785,0.1297539149888143,0.0,0.0,8.705534274342513,9.830375997106021,0.6911544227886057,0.6731634182908546,0.0015994043600721483,1,0.002176688026575821,-0.0030030913836553118,0.7895302013422819,0.7912304250559284,5.250415141026689,6.019050469089312,-2.4206285996357555,false,false,0.26682466228333784,true,true,5.380316870133292,2,1,10,150,"[0.125, 0.125, 0.125, 0.125, 0.125, 0.125, 0.125, 0.125]",0.1,2.0,1.0,0.01,1.0,0.1
0.27239373601789707,0.3888143176733781,-0.001773309648462122,-0.0007285604573677303,19.83403060242169,27.223502560474795,0.5012493753123438,0.5772113943028485,1.1886182875293418,1.2414890658494917,1,true,true,0.1487248322147651,0.14979865771812081,-0.001706377742776576,0.0,10.055131888107185,10.876745769738852,0.6929035482258871,0.703648175912044,-9.072443965182604e-9,1,0.0067582595247419695,0.003265889090902647,0.7896196868008949,0.7838031319910514,5.446356673341628,5.558317254586457,2.0725513243072737,true,true,1.8803198649963782,false,true,5.446954446666718,11,2,10,150,"[0.125, 0.125, 0.125, 0.125, 0.125, 0.125, 0.125, 0.125]",0.1,2.0,1.0,0.01,1.0,0.1
0.3508724832214765,0.4610290827740492,0.002231482245559471,0.0002826589816150118,23.01560062880536,57.689948272699354,0.5204897551224388,0.5922038980509745,0.47599331374221193,0.4677041641369897,1,true,true,0.1872930648769575,0.18827740492170023,0.0,0.000197634154475796,10.652438957151569,11.342534898460922,0.7016491754122939,0.696151924037981,1.8623749452389662e-6,1,0.00632103920204129,-0.00629373318928619,0.7941834451901566,0.7900671140939597,5.823416925786524,5.342666813058221,-0.4063818641844047,true,true,0.7254716553635225,true,true,5.867033242814145,17,2,10,150,"[0.125, 0.125, 0.125, 0.125, 0.125, 0.125, 0.125, 0.125]",0.1,2.0,1.0,0.01,1.0,0.1
0.3182997762863535,0.39167785234899327,-0.0015432423129778513,0.0008438825865340641,22.933892865108923,30.647247878611,0.5044977511244377,0.5377311344327835,0.9486374714436323,0.6861310548791723,1,true,true,0.13082774049217002,0.13986577181208054,0.0,0.0,10.983660280802756,11.691657937882923,0.6974012993503249,0.6879060469765117,-4.0207587279577204e-9,1,-0.007262429155638716,0.004280965785701174,0.7839821029082774,0.7874720357941835,5.645228940429939,5.629723082818355,4.091767452292245,false,false,1.3720479531354444,false,true,5.82647933495075,17,2,10,150,"[0.125, 0.125, 0.125, 0.125, 0.125, 0.125, 0.125, 0.125]",0.1,2.0,1.0,0.01,1.0,0.1
0.25476510067114094,0.2651454138702461,-0.0013939706988531282,-0.0004015297625708437,16.5660928580352,31.33361705968582,0.5144927536231885,0.5444777611194402,0.2675199190231674,0.3417151433150173,1,true,true,0.12053691275167785,0.13082774049217002,0.0,0.0,9.653629223605959,10.554662421606686,0.6749125437281359,0.6811594202898551,-0.00017176668833338599,1,-0.013924587580389277,-0.004640252798218447,0.7939149888143177,0.79668903803132,5.644312976405473,5.072853196317615,0.9294603128214128,true,true,0.6314950000678067,true,true,5.66737361826473,9,1,10,150,"[0.125, 0.125, 0.125, 0.125, 0.125, 0.125, 0.125, 0.125]",0.1,2.0,1.0,0.01,1.0,0.1
0.2998657718120805,0.3609843400447427,-0.0014351083530768612,-0.0010805241420702926,21.244049741912672,35.48366401184285,0.492503748125937,0.5734632683658172,0.5856708434446026,0.5195431994437396,1,true,true,0.1584787472035794,0.15114093959731545,0.0,0.0,10.74535563121518,11.861355369868923,0.684407796101949,0.6954022988505747,-0.000716528743819465,1,-0.000605514117483963,0.002318321834404581,0.7803131991051454,0.7745861297539149,6.176705113822438,5.966878064071338,1.0186272825255729,true,true,1.0461931689516768,true,true,6.425243711939669,13,2,10,150,"[0.125, 0.125, 0.125, 0.125, 0.125, 0.125, 0.125, 0.125]",0.1,2.0,1.0,0.01,1.0,0.1
0.26487695749440715,0.2876957494407159,0.00037478668037324684,-0.0002913538014116602,27.763409065300213,67.51705513180673,0.5217391304347826,0.547976011994003,0.9588285365798804,0.9167465563199313,1,true,true,0.12053691275167785,0.13082774049217002,0.0,0.0,8.89642791272558,9.506574560595466,0.7136431784107946,0.7126436781609196,-0.0006362105001203405,1,-7.086542365615632e-5,0.017150616107178236,0.7931991051454139,0.789351230425056,5.17444907079382,5.515784739861998,0.3069236820090191,true,true,0.6773366325124687,true,true,5.227929001506524,6,1,10,150,"[0.125, 0.125, 0.125, 0.125, 0.125, 0.125, 0.125, 0.125]",0.1,2.0,1.0,0.01,1.0,0.1
0.3357494407158837,0.3877404921700224,0.0022806212959901595,-0.0006776392192623646,20.778868456520918,24.010823344828246,0.5207396301849075,0.5619690154922539,0.9202934955110342,0.941539368788364,1,true,true,0.1501565995525727,0.16017897091722594,-0.0007590023559448967,-0.00041277927619590306,11.04958815708275,12.337064400171325,0.6671664167916042,0.6659170414792603,-5.382570033898149e-7,1,-0.005801770754907585,0.0216442192093997,0.7945413870246085,0.7992841163310962,5.624718440924358,5.948287837219453,0.9596960803833235,true,true,1.0947295038960225,false,true,5.653607517640013,12,2,10,150,"[0.125, 0.125, 0.125, 0.125, 0.125, 0.125, 0.125, 0.125]",0.1,2.0,1.0,0.01,1.0,0.1
0.3119463087248322,0.35579418344519015,-0.00023179759184213292,0.00026518295261687285,28.44117909933375,207.0972462155926,0.48950524737631185,0.56071964017991,1.1753643978363641,1.2384571190516975,1,true,true,0.12053691275167785,0.13082774049217002,0.0,0.0,10.38042110512291,10.79874321106028,0.7098950524737632,0.7076461769115442,0.00028593949485720803,1,0.004945978929293613,0.003039042983415397,0.793020134228188,0.7791498881431768,5.9683608156039805,5.521517106117221,1.6755414737175096,false,true,1.2265029766413995,false,true,6.064068196042767,13,1,10,150,"[0.125, 0.125, 0.125, 0.125, 0.125, 0.125, 0.125, 0.125]",0.1,2.0,1.0,0.01,1.0,0.1
0.22210290827740492,0.29700223713646534,-0.0002551044776784168,-0.00021811949484329534,18.682547460965672,20.971142295332154,0.4992503748125937,0.5444777611194402,1.6458939145779794,1.5638852895014164,1,true,true,0.12053691275167785,0.13082774049217002,0.0,0.0,9.338629059026541,9.862002666315453,0.7231384307846077,0.7421289355322339,2.7089957944491232e-5,1,-0.00441616631569316,-0.011544287328965504,0.7911409395973155,0.778255033557047,5.97158465823595,5.6626815666094785,2.422201535288295,true,true,1.8222968749370967,false,true,5.976063953584313,6,1,10,150,"[0.125, 0.125, 0.125, 0.125, 0.125, 0.125, 0.125, 0.125]",0.1,2.0,1.0,0.01,1.0,0.1
0.2555704697986577,0.32930648769574944,0.000197634154475796,0.00036554744356136047,19.142157842669146,23.132591919400372,0.4892553723138431,0.5549725137431285,1.0464941691203884,1.1252908985945098,1,true,true,0.13082774049217002,0.13082774049217002,0.0,0.00014656364198704523,10.267045434719643,10.9464361216364,0.6986506746626686,0.6824087956021989,0.0006157320664022432,1,-0.010817554309834084,-0.0004964619849529854,0.7812975391498882,0.767427293064877,5.884653592884337,5.434195427667454,-0.37514467216369957,true,true,0.8134906032129925,true,true,5.963748894046845,8,1,10,150,"[0.125, 0.125, 0.125, 0.125, 0.125, 0.125, 0.125, 0.125]",0.1,2.0,1.0,0.01,1.0,0.1
0.16787472035794185,0.18935123042505592,-0.0010375793109979289,0.00018269368948067703,13.752955362611141,17.039029767546417,0.5284857571214393,0.5342328835582209,0.8279420289570193,0.8916693543642504,1,true,true,0.1297539149888143,0.13995525727069352,-0.0010375793109979289,0.0,9.766116449812246,10.984543044332916,0.6804097951024488,0.6721639180409795,-0.00015662482793350678,1,-0.0021673344803036817,-0.0007337811196872644,0.7885458612975391,0.7914988814317674,5.541675668003176,6.088160883098952,1.4405000453236625,true,true,1.2870243709295612,false,true,5.576523277281919,2,2,10,150,"[0.125, 0.125, 0.125, 0.125, 0.125, 0.125, 0.125, 0.125]",0.1,2.0,1.0,0.01,1.0,0.1
0.1691275167785235,0.25225950782997764,0.0,-0.00018035291022022837,15.816692661373667,16.348232468457898,0.4900049975012494,0.5537231384307846,1.4605537223070273,1.645600284313543,1,true,true,0.12053691275167785,0.12053691275167785,0.0,0.0,9.007389107220238,9.466684845422112,0.7166416791604198,0.7171414292853573,-0.0007831120481727381,1,-0.0014208547010091071,0.014162371111998482,0.7869351230425056,0.7921252796420581,5.5503349659390375,5.536157306504781,1.126911651235709,true,true,1.5725673129057414,false,true,5.565379916921648,2,1,10,150,"[0.125, 0.125, 0.125, 0.125, 0.125, 0.125, 0.125, 0.125]",0.1,2.0,1.0,0.01,1.0,0.1
0.23114093959731544,0.3648322147651007,-0.0005968163924797081,0.00033024195861445826,20.168379302658945,53.18292140749906,0.5247376311844079,0.5342328835582209,0.8696546738969418,0.859413407268506,1,true,true,0.12053691275167785,0.12053691275167785,0.0,0.0,8.991450376877651,10.148467680565556,0.6921539230384808,0.6954022988505747,5.713556044336146e-8,1,0.009437284069047452,0.023938415878574135,0.7962416107382551,0.7980313199105146,5.174802317440758,5.849836212380562,1.577988278789363,true,true,0.90895588057364,false,true,5.240727826265276,8,1,10,150,"[0.125, 0.125, 0.125, 0.125, 0.125, 0.125, 0.125, 0.125]",0.1,2.0,1.0,0.01,1.0,0.1
0.33360178970917226,0.3429082774049217,0.00023782515480664875,0.00022193299263521376,18.606453740100548,22.894886090108827,0.5129935032483759,0.5952023988005997,0.9128717289351425,0.8448836029860138,1,true,true,0.13082774049217002,0.13082774049217002,0.0,0.0,9.56508106735478,10.053295705176701,0.7246376811594203,0.7338830584707646,0.011231589894061218,1,0.00501493388201739,0.0013641128297591921,0.8041163310961968,0.7972259507829977,5.612598396027845,5.606840564231673,0.5923908047637737,true,true,1.332108184517053,false,true,5.785010930494454,11,2,10,150,"[0.125, 0.125, 0.125, 0.125, 0.125, 0.125, 0.125, 0.125]",0.1,2.0,1.0,0.01,1.0,0.1
0.23686800894854587,0.2846532438478747,0.0,-0.00017059601435734,17.309670061108545,31.275274212926092,0.5102448775612194,0.5434782608695652,0.30446544104503337,0.34704395613047023,1,true,true,0.12053691275167785,0.13082774049217002,0.0,0.0,10.253277293482281,11.28947329960833,0.7128935532233883,0.7028985507246377,2.8708757617481524e-6,1,-0.014323509528976718,0.00017271996279807705,0.7917673378076062,0.788903803131991,6.227542905445139,5.545515739964724,-0.6243619494414454,true,true,0.24772738963388383,true,true,6.251921088716209,5,1,10,150,"[0.125, 0.125, 0.125, 0.125, 0.125, 0.125, 0.125, 0.125]",0.1,2.0,1.0,0.01,1.0,0.1
0.26228187919463086,0.23749440715883668,-0.0013615718481247274,-5.370722622888439e-5,16.53134452754062,56.134147528870905,0.48600699650174917,0.5594702648675662,0.9183191792317079,0.7398867965037058,1,true,true,0.13082774049217002,0.1410290827740492,-0.0010375793109979289,0.000197634154475796,10.334192927123636,11.159984289079958,0.676911544227886,0.6816591704147926,-0.00031716010092721844,1,-0.005258552527061453,0.0006148583828298191,0.7880984340044743,0.792662192393736,5.827368139708823,5.718611198128104,4.2413408819290845,false,false,1.785845064131608,false,true,5.902398862898386,9,2,10,150,"[0.125, 0.125, 0.125, 0.125, 0.125, 0.125, 0.125, 0.125]",0.1,2.0,1.0,0.01,1.0,0.1
0.32859060402684565,0.32536912751677854,0.00048627590609915923,0.0008562589126654217,22.52553165437296,52.57455120992397,0.4967516241879061,0.5494752623688156,1.2745613829773443,1.157245705351106,1,true,true,0.12053691275167785,0.13082774049217002,0.0,0.0,10.930185098015473,11.687798394259284,0.6926536731634183,0.6931534232883558,-0.0001815270303556893,1,-0.005182275737119646,0.007707871955723125,0.7991051454138702,0.7953467561521252,6.096434619326716,5.315148635209213,0.3582239393758624,true,true,0.8118572488905964,true,true,6.170352859582977,12,1,10,150,"[0.125, 0.125, 0.125, 0.125, 0.125, 0.125, 0.125, 0.125]",0.1,2.0,1.0,0.01,1.0,0.1
0.35400447427293064,0.4315883668903803,-0.00018234473785227968,-3.368919101022654e-5,21.500856407736137,28.44427558434861,0.519240379810095,0.559720139930035,0.45738161338674427,0.5831072376523885,1,true,true,0.15892617449664428,0.15919463087248323,-0.0008096691325774669,0.00037478668037324684,10.338608736957545,10.606057045106363,0.6774112943528235,0.6864067966016991,-3.534840737097032e-5,1,-0.0064084150324844,-0.0034363575755991787,0.7876510067114094,0.7897091722595079,5.423921316639472,4.929267884208583,0.5729530855328578,true,true,0.7449256935154803,true,true,5.436174536488352,16,2,10,150,"[0.125, 0.125, 0.125, 0.125, 0.125, 0.125, 0.125, 0.125]",0.1,2.0,1.0,0.01,1.0,0.1
0.2446532438478747,0.3850559284116331,0.00013371131726602265,-0.0007767089187829863,20.707803611310748,28.384906497506517,0.525487256371814,0.56071964017991,1.1654814492576802,1.1868223338249233,1,true,true,0.12053691275167785,0.13082774049217002,0.0,0.0,10.228361097037237,11.168678571504492,0.6721639180409795,0.6729135432283858,2.380559655543587e-6,1,0.017683083725366356,0.0022452731665140255,0.7861297539149888,0.7856823266219239,5.677602986552368,5.315150895315955,3.1303365766347184,false,true,1.3956336324145233,false,true,5.748403437960948,9,1,9,150,"[0.125, 0.125, 0.125, 0.125, 0.125, 0.125, 0.125, 0.125]",0.1,2.0,1.0,0.01,1.0,0.1
0.272662192393736,0.3083668903803132,-0.0006845442222307185,-0.0013296567959630748,17.570102129180878,24.566405908961528,0.5142428785607196,0.552223888055972,0.7439416393868266,0.8745757584969935,1,true,true,0.12053691275167785,0.1297539149888143,0.0,0.0,9.44586991932686,10.222651110060351,0.7058970514742628,0.7106446776611695,6.604605792708496e-6,1,-0.0016607787541722094,0.012556853991449653,0.7906935123042506,0.7880984340044743,5.462685544970641,5.441401811789,1.3817352634471178,true,true,0.5539021952976613,true,true,5.500519297440509,13,1,10,150,"[0.125, 0.125, 0.125, 0.125, 0.125, 0.125, 0.125, 0.125]",0.1,2.0,1.0,0.01,1.0,0.1
0.16814317673378076,0.18953020134228188,-0.0012867642483629224,0.00037478668037324684,15.554221061366206,16.571150456029997,0.5027486256871564,0.5332333833083458,0.30995426913411106,0.354485706081222,1,true,true,0.1778076062639821,0.1694854586129754,-0.0013311644733478263,0.000197634154475796,10.772149760718069,11.699664724145062,0.665167416291854,0.6616691654172914,-1.1389412252461683e-9,1,3.846890416308808e-5,0.016397838726057958,0.7989261744966443,0.792930648769575,5.668256604141707,5.529500806883598,0.7906423953661146,true,true,1.1084182939863099,false,true,5.696483308838625,3,2,10,150,"[0.125, 0.125, 0.125, 0.125, 0.125, 0.125, 0.125, 0.125]",0.1,2.0,1.0,0.01,1.0,0.1
0.15140939597315436,0.1908724832214765,0.0,0.00016285711700680683,12.7585554291659,63.7649568401234,0.5384807596201899,0.5389805097451275,0.45396419078452777,0.2615023162156891,1,true,true,0.12053691275167785,0.13082774049217002,0.0,0.0,8.676370123474658,10.297204206490575,0.7073963018490754,0.7086456771614192,-5.066745190590383e-5,1,0.0036853408658693624,-0.0064578990355762915,0.8002684563758389,0.7968680089485458,4.850712221351813,5.191907292616922,-0.29527035752311004,true,true,0.31594299215732935,true,true,4.901230041135108,2,1,10,150,"[0.125, 0.125, 0.125, 0.125, 0.125, 0.125, 0.125, 0.125]",0.1,2.0,1.0,0.01,1.0,0.1
0.23543624161073826,0.34442953020134226,-0.0012536789021590684,-0.000703750405418126,20.014390478735255,21.08185997129189,0.5087456271864068,0.5897051474262869,1.0585607269924475,1.0819661311708866,1,true,true,0.1297539149888143,0.13082774049217002,0.0,0.0,8.704721552824179,9.165015383403043,0.7381309345327336,0.7278860569715142,0.0011927147811666271,1,0.0017646941434391295,0.013550648794715658,0.7981208053691276,0.7825503355704698,5.2123018795186615,4.837582661565823,0.11319339123655588,true,true,1.230053710345419,false,true,5.481391680324914,8,1,10,150,"[0.125, 0.125, 0.125, 0.125, 0.125, 0.125, 0.125, 0.125]",0.1,2.0,1.0,0.01,1.0,0.1
0.18004474272930648,0.18076062639821028,1.4283859784590991e-5,-1.2662347725891858e-5,13.984950782915787,18.607838499644274,0.5079960019990005,0.5119940029985007,2.111386502966059,2.1089438100043316,1,true,true,0.12053691275167785,0.12053691275167785,0.0,0.0,8.77159364476565,9.33241443869514,0.7271364317841079,0.7013993003498251,-0.007090078263462199,1,-0.008660418566270778,-0.010960334029227558,0.7885458612975391,0.7906040268456376,5.501343301438431,5.632550749454919,1.649726926049709,true,true,2.293513765694891,false,false,5.517772807803455,2,1,10,150,"[0.125, 0.125, 0.125, 0.125, 0.125, 0.125, 0.125, 0.125]",0.1,2.0,1.0,0.01,1.0,0.1
0.2556599552572707,0.25360178970917224,0.0005674705002451572,0.00019913327546855627,21.829684877646482,27.02914037339284,0.5079960019990005,0.5667166416791605,1.2908243453490527,1.340601026352259,1,true,true,0.13082774049217002,0.13082774049217002,0.0,0.0,10.754752228031236,11.306266787982086,0.7116441779110445,0.7106446776611695,-0.00013081894189425402,1,-0.005640592632728086,-0.0009698029725171629,0.7952572706935123,0.7935570469798657,5.973887738022213,5.729507476720181,2.219017902158894,true,true,1.1048226102386975,false,true,5.993686470385244,10,2,10,150,"[0.125, 0.125, 0.125, 0.125, 0.125, 0.125, 0.125, 0.125]",0.1,2.0,1.0,0.01,1.0,0.1
0.2904697986577181,0.4173601789709172,-0.0002134895711278813,0.00018287269728252894,24.563611517591738,49.832640023561396,0.531984007996002,0.5717141429285357,0.6470021647000188,0.7267701713383877,1,true,true,0.17852348993288591,0.15982102908277404,-0.0007026149742792733,0.0,10.833246577183926,10.715026244558379,0.6796601699150425,0.668415792103948,-0.0001434615212836287,1,-0.015964446363200747,0.0015861875828383346,0.7824608501118568,0.7884563758389261,5.607568941388302,5.492864530731258,2.4544622594440204,false,true,1.045591493033142,false,true,5.697829034834156,14,2,10,150,"[0.125, 0.125, 0.125, 0.125, 0.125, 0.125, 0.125, 0.125]",0.1,2.0,1.0,0.01,1.0,0.1
0.19803131991051454,0.2371364653243848,-0.0010134081385755958,-0.0005667051043201556,16.180674746301637,34.345669334060226,0.48750624687656174,0.5679660169915042,0.8934647603119511,0.9741930990397623,1,true,true,0.12053691275167785,0.1297539149888143,0.0,0.0,9.141509660096283,9.933537515628233,0.7008995502248876,0.7103948025987006,-2.5202989815229637e-5,1,0.0044188982249689064,-0.0007556775713016458,0.8047427293064877,0.7954362416107382,5.66464698935111,5.873080305383903,3.8070591104707368,false,false,0.8242236349285463,true,true,5.817329591993208,5,1,10,150,"[0.125, 0.125, 0.125, 0.125, 0.125, 0.125, 0.125, 0.125]",0.1,2.0,1.0,0.01,1.0,0.1
0.21923937360178972,0.29404921700223713,0.0,-0.0009881331383822167,15.83977433011437,28.654838879879616,0.4842578710644677,0.5604697651174413,1.4132183683353094,1.4094173427067553,1,true,true,0.12053691275167785,0.13082774049217002,0.0,0.0,8.573345183078054,9.970130859577269,0.7053973013493253,0.709895052473763,-0.000327343496063092,1,-0.001922192048215224,-0.006568564120401591,0.7995525727069351,0.7956152125279642,5.287389193982897,6.3205898670584215,2.2770731124741252,false,true,1.2439504812377067,false,true,5.312965346064475,8,1,10,150,"[0.125, 0.125, 0.125, 0.125, 0.125, 0.125, 0.125, 0.125]",0.1,2.0,1.0,0.01,1.0,0.1
0.2360626398210291,0.3319910514541387,-0.0012799836264659338,-0.001078900332399278,19.60936497409366,67.13409339493495,0.5247376311844077,0.5547226386806596,0.24681231178036728,0.4624233826620787,1,true,true,0.13914988814317675,0.14093959731543623,-0.0008999089468370515,0.0,10.369141047929773,11.693405821566163,0.6929035482258871,0.6936531734132934,-0.00013109177972447144,1,0.01963307438833592,0.0006148583828298191,0.8059955257270693,0.792662192393736,5.611576147975155,5.546878401830417,1.4816753071026516,true,true,0.8821688080690693,true,true,5.687874828396268,3,2,10,150,"[0.125, 0.125, 0.125, 0.125, 0.125, 0.125, 0.125, 0.125]",0.1,2.0,1.0,0.01,1.0,0.1
0.19803131991051454,0.36062639821029085,-0.0017872885620773052,-0.00020371944242291047,19.38716976517462,21.534462822438744,0.5569715142428786,0.6019490254872564,0.6832038828528562,0.6688771561544398,1,true,true,0.1297539149888143,0.13986577181208054,-0.0007336628904722597,0.000197634154475796,9.011671345284174,10.461055193140377,0.7233883058470765,0.7291354322838581,4.621524775368282e-5,1,0.001289856974295928,0.005957046156246566,0.7837136465324385,0.7955257270693512,5.123398823197454,5.7941387315933,1.3103310988735888,true,true,1.0152614789521661,false,true,5.129099467162301,6,2,10,150,"[0.125, 0.125, 0.125, 0.125, 0.125, 0.125, 0.125, 0.125]",0.1,2.0,1.0,0.01,1.0,0.1
0.3239373601789709,0.3658165548098434,-0.001804253972943052,-0.001211299682465126,20.749576027701277,24.87439219793515,0.5157421289355322,0.4912543728135932,0.48734056873289,0.40979503206549595,1,true,true,0.12053691275167785,0.13082774049217002,0.0,0.0,10.472582385274857,11.562633066907669,0.6906546726636682,0.675912043978011,-2.1878682776187725e-8,1,0.01303680493944977,0.015370096813519325,0.7986577181208053,0.7947203579418345,6.016221687122027,5.557094024062812,1.1823239928486842,true,true,0.8121740122355511,true,true,6.019273523375252,13,1,10,150,"[0.125, 0.125, 0.125, 0.125, 0.125, 0.125, 0.125, 0.125]",0.1,2.0,1.0,0.01,1.0,0.1
0.19033557046979865,0.3169574944071588,-3.9603984160806574e-5,-0.0001858006903406948,17.475629104508354,19.752059331209878,0.5027486256871565,0.5424787606196901,1.2090138171118314,1.315760553313401,1,true,true,0.12053691275167785,0.12053691275167785,0.0,0.0,9.776771894332828,10.406510372517955,0.6969015492253873,0.6951524237881059,-2.6090234256893877e-10,1,0.004351259048144367,0.015758411026107044,0.7974944071588367,0.7982102908277405,5.623038122703096,4.897045744417139,0.7474497953450129,true,true,1.3371261501546141,false,true,5.645505803305271,5,1,10,150,"[0.125, 0.125, 0.125, 0.125, 0.125, 0.125, 0.125, 0.125]",0.1,2.0,1.0,0.01,1.0,0.1
0.19874720357941836,0.2631767337807606,-0.0015976737730860168,0.0010117426920896527,16.922084056681484,75.09558234971621,0.512743628185907,0.5337331334332833,0.8430688233373551,1.0446056895611335,1,true,true,0.14917225950782997,0.15105145413870247,-0.0010375793109979289,0.000197634154475796,10.082340253818053,11.203222677106815,0.6926536731634183,0.6821589205397302,-0.007611695324554601,1,0.016726799709391164,0.011510715525561495,0.788993288590604,0.7909619686800895,5.343955832509958,5.246314749588117,2.5798662348565573,false,true,1.2990278738658805,false,true,5.575991505925653,3,2,10,150,"[0.125, 0.125, 0.125, 0.125, 0.125, 0.125, 0.125, 0.125]",0.1,2.0,1.0,0.01,1.0,0.1
0.2719463087248322,0.34192393736017895,-0.0005640445862241519,-0.0008577814031020066,20.465063798393423,34.91243715436305,0.49900049975012495,0.551224387806097,1.0671331890761413,0.9834414962788292,1,true,true,0.15910514541387025,0.15105145413870247,-0.0011974947552179838,0.000197634154475796,10.362313563966477,10.750998617350714,0.7093953023488255,0.7133933033483258,-0.0027628261112805177,1,0.0015882096414288008,0.012106262889284704,0.7862192393736018,0.767337807606264,5.839147575497613,5.357573753817202,1.1250216053385749,true,true,1.413744106922798,false,true,5.844677348910989,8,2,10,150,"[0.125, 0.125, 0.125, 0.125, 0.125, 0.125, 0.125, 0.125]",0.1,2.0,1.0,0.01,1.0,0.1
0.25476510067114094,0.2295302013422819,0.000687256196346402,0.00021246003391707608,16.98638318111251,19.333625577178907,0.5279860069965017,0.5837081459270365,0.8570863173424754,0.8196440689049813,1,true,true,0.12053691275167785,0.1297539149888143,0.0,0.0,9.569093905557992,10.370650831445229,0.7071464267866067,0.704647676161919,-1.5229631161784187e-6,1,0.0035055115411908215,0.003945545569955709,0.7856823266219239,0.7794183445190157,5.519344065210154,5.400772153130131,1.0582129981806068,true,true,0.7483819243126602,true,true,5.618156820653627,9,1,10,150,"[0.125, 0.125, 0.125, 0.125, 0.125, 0.125, 0.125, 0.125]",0.1,2.0,1.0,0.01,1.0,0.1
0.24456375838926175,0.29691275167785236,-0.0012785468433282987,-3.683822268129371e-5,18.65264358703391,28.712621038100345,0.49400299850074963,0.5574712643678161,1.2825492402496552,1.6987296466684145,1,true,true,0.12053691275167785,0.13082774049217002,0.0,0.0,10.355502675590776,11.012775916645687,0.6836581709145427,0.6761619190404797,0.0008329280762284083,1,-0.008063603272948024,0.009466478614647975,0.7914093959731544,0.8033109619686801,5.932595008372771,5.541201564214085,-0.04417441068254895,true,true,1.5627215608619975,false,true,6.004664667294569,2,1,10,150,"[0.125, 0.125, 0.125, 0.125, 0.125, 0.125, 0.125, 0.125]",0.1,2.0,1.0,0.01,1.0,0.1
0.24859060402684563,0.34496644295302015,0.000197634154475796,-0.0009702657418700087,19.88339428243278,22.01972835783117,0.4910044977511244,0.5137431284357821,1.627528634964901,1.7822656594909596,1,true,true,0.12053691275167785,0.1297539149888143,0.0,0.0,9.794325220768188,10.415958938349837,0.7458770614692654,0.7308845577211395,0.00013186946195834314,1,-0.00023816584281521365,0.00957420632532239,0.7941834451901566,0.7936465324384787,5.992504831654621,6.5161616720140625,1.266362500657762,true,true,2.056410262802102,false,false,6.109632227216851,2,1,10,150,"[0.125, 0.125, 0.125, 0.125, 0.125, 0.125, 0.125, 0.125]",0.1,2.0,1.0,0.01,1.0,0.1
0.3118568232662192,0.43588366890380315,0.0020143768304843523,0.00026388135348385947,21.956439333650295,44.20710269892927,0.4945027486256871,0.5527236381809095,0.9780024536047172,1.054764666691721,1,true,true,0.16125279642058166,0.1512304250559284,0.0,2.360579655271022e-5,10.455614506280025,11.031893874416875,0.6766616691654173,0.6704147926036982,-7.945708817988959e-5,1,-0.012487629946209658,-0.0038841842295915005,0.7969574944071588,0.7870246085011185,5.40903125984895,5.0534265449322255,0.6379618341416022,true,true,0.8017650337518474,true,true,5.6056012373892194,12,2,10,150,"[0.125, 0.125, 0.125, 0.125, 0.125, 0.125, 0.125, 0.125]",0.1,2.0,1.0,0.01,1.0,0.1
0.1778076062639821,0.276331096196868,-0.0008999089468370515,-0.0009270101296674822,17.490432142189775,47.90893748539927,0.5012493753123438,0.5217391304347826,0.8815429503632868,0.8854266611744321,1,true,true,0.12053691275167785,0.1297539149888143,0.0,0.0,9.116547867979932,9.446255638236325,0.7083958020989505,0.6889055472263867,-0.00018720661034381616,1,-0.004007561915588323,-0.005979372514570222,0.7943624161073826,0.7851454138702461,5.538912381486913,5.2088865021010955,-0.7158939971689381,true,true,1.3172838670456553,false,true,5.648972893252923,2,1,10,150,"[0.125, 0.125, 0.125, 0.125, 0.125, 0.125, 0.125, 0.125]",0.1,2.0,1.0,0.01,1.0,0.1
0.29897091722595076,0.34693512304250557,-0.0007590023559448967,-0.00041113421922679434,26.04619587434321,89.33780292452619,0.5217391304347826,0.5564717641179411,0.09263795259042254,-0.012750799458508027,1,true,true,0.13082774049217002,0.13082774049217002,0.0,0.0,11.860380377815291,13.5243214611964,0.6799100449775113,0.6866566716641679,1.7061605780092408e-5,1,0.014238969642114189,0.010050278890815893,0.7985682326621923,0.8010738255033557,6.161865044332123,6.0034809706909185,1.7014829954054937,true,true,0.46101115563504436,true,true,6.217785675941463,11,2,10,150,"[0.125, 0.125, 0.125, 0.125, 0.125, 0.125, 0.125, 0.125]",0.1,2.0,1.0,0.01,1.0,0.1
0.15105145413870247,0.19749440715883668,0.0,8.399849169986201e-5,13.008395993014902,18.93513002038651,0.5299850074962519,0.5567216391804097,0.851323383295109,0.9803202071429468,1,true,true,0.12053691275167785,0.12053691275167785,0.0,0.0,9.5261458645097,10.618207447251981,0.7008995502248876,0.6946526736631684,2.7349109787477248e-6,1,0.011722962629134486,0.0009086802764071122,0.7873825503355705,0.7912304250559284,5.4572353908932945,5.443003760234224,0.24083176488828054,true,true,1.2487508725048422,false,true,5.496491542665333,2,1,10,150,"[0.125, 0.125, 0.125, 0.125, 0.125, 0.125, 0.125, 0.125]",0.1,2.0,1.0,0.01,1.0,0.1
0.2079642058165548,0.28062639821029084,-0.0003032018199059379,6.527368495343091e-5,16.64361732786044,23.180060320617432,0.5194902548725637,0.5417291354322838,1.012612883806661,1.1427987089401304,1,true,true,0.12053691275167785,0.12053691275167785,0.0,0.0,9.539053032086885,10.175327642979461,0.6941529235382309,0.6921539230384808,1.727762613902674e-5,1,0.0017426612124516517,0.024878119389103275,0.7718120805369127,0.7794183445190157,5.611737829112669,5.026838218134965,2.198163797589301,true,true,1.268110047525121,false,true,5.648946642486716,2,1,9,150,"[0.125, 0.125, 0.125, 0.125, 0.125, 0.125, 0.125, 0.125]",0.1,2.0,1.0,0.01,1.0,0.1
0.19865771812080538,0.2709619686800895,-0.0003934247355486495,0.00021839255990535193,15.557024945755751,36.636307764344515,0.5177411294352823,0.5797101449275363,0.7929996300918845,0.6552605352515196,1,true,true,0.12053691275167785,0.13082774049217002,0.0,0.0,8.905876059718008,10.266508496235227,0.6939030484757621,0.6906546726636682,-2.410942690223526e-6,1,-0.002395825913643151,0.026408018116970054,0.7792393736017897,0.7908724832214765,5.11900064728956,5.913476135971663,-0.588509986989535,true,true,1.0657141319665475,false,true,5.156274047993382,3,1,10,150,"[0.125, 0.125, 0.125, 0.125, 0.125, 0.125, 0.125, 0.125]",0.1,2.0,1.0,0.01,1.0,0.1
0.23543624161073826,0.34523489932885904,-0.00043122100939781973,-0.000748448594971919,18.991075616015802,26.346198630523407,0.5024987506246876,0.5209895052473763,1.0230957109939938,0.8467054793054942,1,true,true,0.12053691275167785,0.13082774049217002,0.0,0.0,9.946355310367569,11.0268868752049,0.7016491754122939,0.6976511744127936,-0.0006882814717611835,1,0.004661333685407912,0.009437284069047452,0.7949888143176734,0.7962416107382551,5.595678368716375,5.109976288515804,0.8690890439662012,true,true,1.1984188871144836,false,true,5.616584178990401,3,1,10,150,"[0.125, 0.125, 0.125, 0.125, 0.125, 0.125, 0.125, 0.125]",0.1,2.0,1.0,0.01,1.0,0.1
0.26604026845637585,0.3065771812080537,-0.0013387181907339363,-0.0006301165197470072,17.026277959486062,30.788494365158854,0.5102448775612194,0.5409795102448776,0.6614254289846113,0.6522913781538735,1,true,true,0.13082774049217002,0.13082774049217002,-0.0008096691325774669,0.0,9.518473973020434,10.055698005342585,0.6959020489755122,0.7013993003498251,0.003364438951809276,1,0.02270323099267678,0.0080126250423089,0.792930648769575,0.7846979865771813,5.239425389106769,5.677246400467822,5.083180985241622,false,false,1.0156313772270043,false,true,5.472180899348022,12,2,10,150,"[0.125, 0.125, 0.125, 0.125, 0.125, 0.125, 0.125, 0.125]",0.1,2.0,1.0,0.01,1.0,0.1
0.17816554809843402,0.2339149888143177,-0.0019706521781738067,-0.0004264849880059771,15.961805536788244,35.638415917010725,0.5294852573713144,0.5364817591204398,0.38228646416013073,0.37848436042553046,1,true,true,0.13995525727069352,0.14979865771812081,-0.0016406380548456333,0.0,10.006203126832684,11.414699180565414,0.6959020489755122,0.6964017991004497,-0.00014922096384617479,1,-0.004865871816384938,-0.0017721484095368537,0.7953467561521252,0.7957046979865772,5.465841012196008,5.644682008754874,1.2560482953290228,true,true,0.8095746087994973,true,true,5.475719428534654,4,2,10,150,"[0.125, 0.125, 0.125, 0.125, 0.125, 0.125, 0.125, 0.125]",0.1,2.0,1.0,0.01,1.0,0.1
0.2098434004474273,0.31579418344519017,-4.105507535322016e-5,0.0014827031325866083,17.72469790421498,26.629488628749286,0.5417291354322838,0.5667166416791605,0.4977023550480853,0.4700807113038401,1,true,true,0.12053691275167785,0.13082774049217002,0.0,0.000197634154475796,9.662606420629707,10.939936913932968,0.6899050474762619,0.6881559220389805,0.00212862242433078,1,-0.008814306315835206,-0.0005240428917181607,0.7802237136465324,0.7843400447427293,5.627450372297197,5.342443290231324,1.2472811166895084,true,true,0.7424293493170038,true,true,5.636825022276171,5,1,10,150,"[0.125, 0.125, 0.125, 0.125, 0.125, 0.125, 0.125, 0.125]",0.1,2.0,1.0,0.01,1.0,0.1
0.1410290827740492,0.3067561521252796,0.0,-0.0006079930032488178,20.81393532722492,23.9054701976805,0.5412293853073463,0.5529735132433783,0.3412915478421445,0.22406873467228547,1,true,true,0.12053691275167785,0.13082774049217002,0.0,0.0,10.253035665500954,11.657609661537796,0.6946526736631684,0.7003998000999501,1.1662026016796728e-5,1,-0.0011647732484974414,-0.0002515231974570438,0.7758389261744967,0.7795078299776287,5.7473281143029045,5.607847870226817,-0.522446950836732,true,true,0.4437689529475985,true,true,5.810672730748096,2,1,10,150,"[0.125, 0.125, 0.125, 0.125, 0.125, 0.125, 0.125, 0.125]",0.1,2.0,1.0,0.01,1.0,0.1
0.2809843400447427,0.3953467561521253,0.00160665736377556,-4.18852082623661e-5,29.29433814046211,86.02762036200481,0.5234882558720639,0.5674662668665666,0.5099776962854838,0.43525606390653915,1,true,true,0.1297539149888143,0.13082774049217002,0.0,0.0,9.403041699720148,10.829015549828235,0.703648175912044,0.7086456771614192,0.00013429281677306324,1,0.006721192493245262,0.007453278656504866,0.8043847874720358,0.8022371364653244,5.1963030784636794,5.5030493871318,-1.4815905249406778,true,false,0.3578977189414388,true,true,5.25936173164232,13,1,10,150,"[0.125, 0.125, 0.125, 0.125, 0.125, 0.125, 0.125, 0.125]",0.1,2.0,1.0,0.01,1.0,0.1
0.26595078299776287,0.3559731543624161,0.0017360615070163793,-0.0012657751207120782,17.308991942794226,38.0260581843235,0.5129935032483758,0.5517241379310345,0.8370106595268442,0.9083928089064223,1,true,true,0.12053691275167785,0.1297539149888143,0.0,0.0,8.969470242681936,9.953003243490697,0.6679160419790104,0.670664667666167,9.574882486642022e-7,1,0.023756724671879746,0.009437284069047452,0.7876510067114094,0.7962416107382551,5.124497986739974,5.404985824128522,1.6969343220047288,true,true,1.0220075828829895,false,true,5.148378745797531,9,1,10,150,"[0.125, 0.125, 0.125, 0.125, 0.125, 0.125, 0.125, 0.125]",0.1,2.0,1.0,0.01,1.0,0.1
0.19946308724832215,0.3051454138702461,0.0,-0.00031110365567750943,17.41054578897697,20.258008925479505,0.5004997501249375,0.5487256371814093,1.3534794599114741,1.4155513451855772,1,true,true,0.12053691275167785,0.1297539149888143,0.0,0.0,9.823470591546567,10.546501864225327,0.6934032983508246,0.6739130434782609,-0.00018158068647417173,1,-0.005490427362199278,0.014398401716773992,0.7948098434004475,0.8024161073825503,5.691153717436179,5.462037472778213,0.05879311731763498,true,true,1.6853419103973344,false,true,5.71958699545138,4,1,10,150,"[0.125, 0.125, 0.125, 0.125, 0.125, 0.125, 0.125, 0.125]",0.1,2.0,1.0,0.01,1.0,0.1
0.29977628635346754,0.4533333333333333,-0.0010375793109979289,-0.0003079420321374648,21.0293813379301,24.112634008242697,0.4947526236881559,0.5349825087456272,1.1350288521399838,1.1132375425722618,1,true,true,0.1297539149888143,0.13082774049217002,0.0,0.0,9.495025661755058,10.4871416229676,0.6734132933533233,0.676911544227886,2.6703197144225934e-6,1,-0.005295653487857246,0.009461583523217179,0.7938255033557047,0.7940939597315436,5.226414718786789,5.660800905471547,0.5885216541240829,true,true,1.3719167416204936,false,true,5.2856739224767635,13,1,10,150,"[0.125, 0.125, 0.125, 0.125, 0.125, 0.125, 0.125, 0.125]",0.1,2.0,1.0,0.01,1.0,0.1
0.2714988814317673,0.34317673378076063,-0.0004017323570046693,-3.596144656301932e-5,20.087134310880053,112.70080412460243,0.5109945027486257,0.5479760119940029,1.3624186569022692,1.3450088313012798,1,true,true,0.149082774049217,0.1410290827740492,-0.0009111546398826933,0.000197634154475796,11.17932082210985,11.556960507818388,0.7051474262868566,0.704647676161919,3.9801178318403094e-5,1,0.006856510658099194,-0.002681371967448526,0.7990156599552573,0.8006263982102908,6.060743047160267,5.363517614950057,-0.06219064060105165,true,true,1.2249666445451397,false,true,6.107067763544283,8,2,10,150,"[0.125, 0.125, 0.125, 0.125, 0.125, 0.125, 0.125, 0.125]",0.1,2.0,1.0,0.01,1.0,0.1
0.2675615212527964,0.47114093959731546,5.026066058721128e-5,-0.0012028130171555325,25.01641607489929,42.4687404028184,0.4827586206896552,0.4920039980009995,0.05293087461216632,0.0455999480497114,1,true,true,0.13082774049217002,0.13986577181208054,0.0,0.0,10.302774563712692,11.121082286135206,0.675912043978011,0.6679160419790104,1.5341062893055948e-6,1,0.008178250242903614,0.007631717194515635,0.7995525727069351,0.7991051454138702,5.538611252662834,5.698457219757422,2.4883373088434073,false,true,0.2823196156920945,true,true,5.650561835477099,7,2,10,150,"[0.125, 0.125, 0.125, 0.125, 0.125, 0.125, 0.125, 0.125]",0.1,2.0,1.0,0.01,1.0,0.1
0.2632662192393736,0.3320805369127517,0.0,0.0005327607332589828,22.615922196197772,23.087943632072832,0.49600199900049974,0.5854572713643178,0.8765557683253122,0.7728506358984112,1,true,true,0.12053691275167785,0.1297539149888143,0.0,0.0,9.552279779328817,10.56689845548046,0.6734132933533233,0.6881559220389805,7.75615507903748e-8,1,0.005051540957153479,0.006997667444185272,0.796420581655481,0.8024161073825503,5.56289147353054,5.328242192644179,4.18550144037124,false,false,1.0701239838428953,false,true,5.725972375626847,9,1,10,150,"[0.125, 0.125, 0.125, 0.125, 0.125, 0.125, 0.125, 0.125]",0.1,2.0,1.0,0.01,1.0,0.1
0.290917225950783,0.38085011185682327,-0.0010375793109979289,-0.0005001077593003352,21.196478806128354,118.51057789385011,0.5132433783108445,0.5264867566216892,0.3826015387736913,0.2256401837488297,1,true,true,0.12053691275167785,0.13082774049217002,0.0,0.0,9.486870367078872,10.698742193596678,0.6929035482258871,0.6944027986006996,0.00018232110971874049,1,0.0007196710701362687,-0.0011680688672621204,0.8028635346756152,0.8018791946308725,5.140675496867176,5.485604359241336,-0.14643446408134803,true,true,0.2656017504980082,true,true,5.143928015895546,13,1,10,150,"[0.125, 0.125, 0.125, 0.125, 0.125, 0.125, 0.125, 0.125]",0.1,2.0,1.0,0.01,1.0,0.1
0.30845637583892616,0.40689038031319913,-0.0003651709913482008,-0.0006670535136598719,21.2076896027056,149.61302731941836,0.5354822588705648,0.5962018990504747,0.6638255513598366,0.7958194154384637,1,true,true,0.12053691275167785,0.13082774049217002,0.0,0.0,9.510630470312543,11.122490169021319,0.6689155422288855,0.6771614192903548,0.00020501777148537875,1,-0.008677630988875262,0.014871979632897957,0.8019686800894854,0.7900671140939597,5.299350897956789,5.923939939314036,2.771781719237178,false,true,1.0167235729820419,false,true,5.385879318328892,5,1,10,150,"[0.125, 0.125, 0.125, 0.125, 0.125, 0.125, 0.125, 0.125]",0.1,2.0,1.0,0.01,1.0,0.1
0.30845637583892616,0.30138702460850114,0.0005500178007040081,0.0011400894665957464,28.24822686147001,337.30165642724944,0.5477261369315343,0.576711644177911,0.3955987332126729,0.34160869367536,1,true,true,0.12053691275167785,0.13082774049217002,0.0,0.000197634154475796,9.62237907933892,10.876213216008024,0.6811594202898551,0.6824087956021989,-3.465736665915433e-5,1,-0.0017865831068021836,-0.005507542939242876,0.7843400447427293,0.778076062639821,5.189267321094056,5.29747936004253,0.35883908521424673,true,true,0.550463234454949,true,true,5.190490771997869,13,1,10,150,"[0.125, 0.125, 0.125, 0.125, 0.125, 0.125, 0.125, 0.125]",0.1,2.0,1.0,0.01,1.0,0.1
0.2865324384787472,0.3680536912751678,-0.001550639013674275,-0.0014699422594525483,28.34328230759677,87.54254204258852,0.5357321339330334,0.5657171414292853,0.6846301028982122,0.7741189511706598,1,true,true,0.20527964205816554,0.19812080536912752,-0.000382608317632469,-0.00024255118022331498,11.969123726590833,13.120779078413669,0.6741629185407296,0.6804097951024488,1.9458958026080635e-6,1,0.0015820123642061653,-0.008647297297618558,0.792930648769575,0.7961521252796421,6.058747942067254,5.846995173412595,1.8653402412801048,true,true,0.9707025683910828,true,true,6.086244221385231,8,2,10,150,"[0.125, 0.125, 0.125, 0.125, 0.125, 0.125, 0.125, 0.125]",0.1,2.0,1.0,0.01,1.0,0.1
0.3259060402684564,0.36411633109619684,0.0001042085610231063,-0.0013635537110218198,20.0939794945675,35.4767320530183,0.5247376311844079,0.5432283858070965,0.97908888368295,1.1251917502334179,1,true,true,0.1297539149888143,0.13082774049217002,0.0,0.0,9.579488806520779,10.278517000012467,0.6829085457271364,0.6749125437281359,-0.0006708099456170529,1,0.001408202383320374,0.019759043421147707,0.7877404921700224,0.78165548098434,5.278156843013978,5.582884855209152,-2.2741159671501268,false,false,0.8587586388276678,true,true,5.547944744139563,14,1,10,150,"[0.125, 0.125, 0.125, 0.125, 0.125, 0.125, 0.125, 0.125]",0.1,2.0,1.0,0.01,1.0,0.1
0.283668903803132,0.2985234899328859,-0.0015546391433451502,-0.0005526938901792365,16.60027940803851,24.80173461152988,0.5034982508745627,0.5737131434282858,1.337755465220175,1.4015860444168968,1,true,true,0.12053691275167785,0.13082774049217002,0.0,0.0,8.808589268480443,9.346104643160242,0.7148925537231384,0.7006496751624188,1.2942307513694905e-5,1,0.005300378697014689,-0.004602066333851965,0.781744966442953,0.785234899328859,5.598148257258089,5.52791825998363,1.8090748782985533,true,true,1.979265972137638,false,true,5.600028570807678,9,1,10,150,"[0.125, 0.125, 0.125, 0.125, 0.125, 0.125, 0.125, 0.125]",0.1,2.0,1.0,0.01,1.0,0.1
0.1988366890380313,0.2530648769574944,-0.0005280985657768708,0.00020897463003747877,14.21030126678307,17.889310112152216,0.5297351324337831,0.5489755122438781,0.9101256424791306,0.9860989501085082,1,true,true,0.12053691275167785,0.13082774049217002,0.0,0.0,9.302077256496014,10.806139075280186,0.6884057971014492,0.6871564217891054,-1.0055216109534413e-5,1,0.013971533503783358,0.001108684063881785,0.7940939597315436,0.7936465324384787,5.118573099947475,5.240296562547451,-0.31087626404788016,true,true,1.5372272822190491,false,true,5.214120146933006,5,1,10,150,"[0.125, 0.125, 0.125, 0.125, 0.125, 0.125, 0.125, 0.125]",0.1,2.0,1.0,0.01,1.0,0.1
0.22210290827740492,0.2898434004474273,0.00043023493021358155,0.0008348284090700885,14.642054964799344,30.319873994117895,0.52023988005997,0.5619690154922539,0.21474751983666376,0.31796278091219876,1,true,true,0.12053691275167785,0.13082774049217002,0.0,0.000197634154475796,8.25685031297514,9.871601386768734,0.6981509245377311,0.7018990504747626,0.0004518356402861602,1,0.006312924073666977,-0.006240460788322071,0.7985682326621923,0.7982102908277405,4.720154719298877,5.464201983497968,1.4646480670205733,true,true,0.23169572431559265,true,true,4.779372871577267,8,1,10,150,"[0.125, 0.125, 0.125, 0.125, 0.125, 0.125, 0.125, 0.125]",0.1,2.0,1.0,0.01,1.0,0.1
0.2527069351230425,0.24519015659955257,-0.0007306331361198879,-0.0005540727778305956,13.571405612552082,16.84698914051886,0.4980009995002499,0.5384807596201899,1.3241020627437816,1.402176585100512,1,true,true,0.12053691275167785,0.1297539149888143,0.0,0.0,8.598199665809199,9.285369539136743,0.7133933033483258,0.699400299850075,7.376478645844853e-5,1,-0.00855110615977988,-0.002006486679176082,0.7752125279642058,0.7795973154362416,5.1267023603481965,5.266718930332309,1.962956371801192,false,true,1.6419703161372101,false,true,5.163365010155073,9,1,9,150,"[0.125, 0.125, 0.125, 0.125, 0.125, 0.125, 0.125, 0.125]",0.1,2.0,1.0,0.01,1.0,0.1
0.24662192393736018,0.28993288590604027,0.000197634154475796,-7.931536769509935e-5,15.539514867193782,337.7540325119744,0.5274862568715641,0.5914542728635682,0.6476155032568928,0.6595610034710789,1,true,true,0.12053691275167785,0.12053691275167785,0.0,0.0,9.079658919924857,10.053752575267938,0.676911544227886,0.6831584207896052,-0.00022702664835528457,1,0.0009184048065450228,-0.007193978538758478,0.7951677852348993,0.7939149888143177,5.132655612660096,5.59974749147928,1.6774263884686165,false,true,0.7931940373847202,true,true,5.28003687218822,8,1,10,150,"[0.125, 0.125, 0.125, 0.125, 0.125, 0.125, 0.125, 0.125]",0.1,2.0,1.0,0.01,1.0,0.1
0.25413870246085013,0.34684563758389264,-0.00018552440654362928,0.0003051671334997221,17.867814881152853,25.03602878779499,0.507496251874063,0.5384807596201899,1.0967117385314806,1.2064533317946584,1,true,true,0.12053691275167785,0.1297539149888143,0.0,0.0,9.40079579065073,10.496178526213006,0.6936531734132934,0.696151924037981,-9.330598321100809e-8,1,0.007121186517538168,-0.01653818655181324,0.8019686800894854,0.7843400447427293,5.386068045226939,5.580030080083439,1.9794960806668196,true,true,1.1204880262956562,false,true,5.428999756662323,10,1,10,150,"[0.125, 0.125, 0.125, 0.125, 0.125, 0.125, 0.125, 0.125]",0.1,2.0,1.0,0.01,1.0,0.1
0.2657718120805369,0.2991498881431767,0.0,0.00026390034553070487,14.452885613731327,19.002650613639563,0.5212393803098451,0.553223388305847,0.8331531428007408,0.9414146057261377,1,true,true,0.12053691275167785,0.1297539149888143,0.0,0.0,9.08422847724779,10.1782217170539,0.691904047976012,0.6946526736631684,9.87877833948374e-8,1,0.0024596512305477885,-0.020345732813710642,0.7975838926174497,0.7942729306487696,5.11745592861228,5.634461402939266,5.4192563954569835,false,false,1.276040487334615,false,true,5.3072266331267155,8,1,10,150,"[0.125, 0.125, 0.125, 0.125, 0.125, 0.125, 0.125, 0.125]",0.1,2.0,1.0,0.01,1.0,0.1
0.3240268456375839,0.3676062639821029,0.0027977002660018783,-0.0010244027933186,23.053910837155993,60.83984173622466,0.5227386306846578,0.5957021489255372,0.7715889773112529,0.9574632361536457,1,true,true,0.13082774049217002,0.13986577181208054,0.0,0.0,11.413227760953712,12.731609062640823,0.6906546726636682,0.6949025487256372,-6.603002805469812e-5,1,0.005205504438866984,-0.006531939722187804,0.7882774049217002,0.792751677852349,5.96319132812848,5.691166801162957,-0.6461193587093133,true,true,0.5549472658006479,true,true,6.177036085781398,13,2,10,150,"[0.125, 0.125, 0.125, 0.125, 0.125, 0.125, 0.125, 0.125]",0.1,2.0,1.0,0.01,1.0,0.1
0.2890380313199105,0.3246532438478747,-0.0010375793109979289,0.00011624186056454797,20.013149491575998,40.820967380325726,0.5097451274362819,0.5167416291854072,0.4576111580152852,0.5728031401052843,1,true,true,0.1297539149888143,0.13082774049217002,-0.0010375793109979289,0.000197634154475796,10.807801532064078,11.629339036895988,0.7026486756621689,0.7001499250374813,-7.001721503149866e-6,1,0.00015548268518597317,-0.010169770264072973,0.7911409395973155,0.7801342281879194,5.80272327117321,5.541313665977002,1.188674215940549,true,true,0.8127215536328654,true,true,5.855071338657412,11,2,10,150,"[0.125, 0.125, 0.125, 0.125, 0.125, 0.125, 0.125, 0.125]",0.1,2.0,1.0,0.01,1.0,0.1
0.32,0.3727069351230425,0.0015483446651807678,-0.0007372485357980748,17.72306204193998,22.08075374468478,0.4992503748125937,0.5744627686156922,1.1414437413739311,1.0212202575600196,1,true,true,0.12053691275167785,0.13082774049217002,0.0,0.0,9.181730224459171,9.925023789745204,0.6939030484757621,0.690904547726137,-9.594233527094353e-6,1,0.0014505105288558603,0.0014469096366904735,0.7933780760626398,0.7956152125279642,5.223623613869681,5.29380156541131,3.509040366715941,false,false,1.1552444884243636,false,true,5.472337779844111,13,1,10,150,"[0.125, 0.125, 0.125, 0.125, 0.125, 0.125, 0.125, 0.125]",0.1,2.0,1.0,0.01,1.0,0.1
0.2360626398210291,0.316241610738255,-0.0011425915944833385,-0.00036717844498634656,17.704969849034015,27.103448327566728,0.532983508245877,0.5619690154922539,0.5742968923408973,0.6753548580045319,1,true,true,0.12053691275167785,0.13082774049217002,0.0,0.0,9.369719416798445,10.715493685194744,0.6946526736631684,0.7051474262868566,0.0006332298960408719,1,0.0026004320438578975,0.0023040644647146663,0.7993736017897092,0.789082774049217,5.555993708267278,5.904492553580063,1.7860799798486988,true,true,0.9963883646176628,true,true,5.695860249634505,8,1,10,150,"[0.125, 0.125, 0.125, 0.125, 0.125, 0.125, 0.125, 0.125]",0.1,2.0,1.0,0.01,1.0,0.1
0.21574944071588367,0.3217897091722595,-0.0008748750093689681,0.0001884262880427931,17.526420139459734,19.745167093631252,0.5079960019990004,0.5264867566216891,0.8110774445150221,0.8121210591641077,1,true,true,0.12053691275167785,0.13082774049217002,0.0,0.0,9.921967266365396,11.008198688002448,0.6894052973513244,0.6904047976011994,3.819119633100754e-11,1,0.0013375869057892288,0.0004811784484977739,0.7848769574944071,0.7931096196868009,5.450186500994776,5.107095870456783,2.7678460996105283,false,true,1.0150816458178333,false,true,5.509052530484618,6,1,10,150,"[0.125, 0.125, 0.125, 0.125, 0.125, 0.125, 0.125, 0.125]",0.1,2.0,1.0,0.01,1.0,0.1
0.2562863534675615,0.2891275167785235,-0.00033175985696463694,0.00020299779498352447,17.756490666738024,36.50464601550929,0.5137431284357821,0.5409795102448776,0.7926403218675303,0.9521939780942701,1,true,true,0.12053691275167785,0.12053691275167785,0.0,0.0,9.92723952615094,11.059965388490966,0.6931534232883558,0.6924037981009495,-0.00011812254624380533,1,-0.003964731937273602,0.012975385079596157,0.7880984340044743,0.7884563758389261,5.358603730174975,5.704107690488638,3.798865047889653,false,false,0.7355597091390589,true,true,5.579361256244777,13,1,9,150,"[0.125, 0.125, 0.125, 0.125, 0.125, 0.125, 0.125, 0.125]",0.1,2.0,1.0,0.01,1.0,0.1
0.25789709172259506,0.3523937360178971,-0.0007953375459900778,-0.0005280857998333103,19.17565721305702,21.51146184272178,0.5292353823088456,0.5492253873063468,0.6062308514156679,0.6824554425130822,1,true,true,0.12053691275167785,0.1297539149888143,0.0,0.0,10.060928075411882,10.982269721618835,0.6874062968515742,0.6941529235382309,5.269590069178882e-5,1,-0.005114363643330843,0.0051035263186612395,0.7876510067114094,0.7914988814317674,5.660468376972802,5.571986308750235,2.013377263185251,true,true,0.7929790311661594,true,true,5.734749411047406,11,1,10,150,"[0.125, 0.125, 0.125, 0.125, 0.125, 0.125, 0.125, 0.125]",0.1,2.0,1.0,0.01,1.0,0.1
0.21941834451901565,0.26165548098434005,0.00016604032233078902,-0.00023869815725741206,15.163095338448006,49.29742252144319,0.5417291354322838,0.5429785107446277,0.4764688989766036,0.4353114150299211,1,true,true,0.12053691275167785,0.13082774049217002,0.0,0.0,10.206197772809324,11.672646205849404,0.6974012993503248,0.6949025487256372,6.653658215362213e-5,1,-0.021146490580854715,0.00674331914022299,0.7824608501118568,0.7813870246085011,5.6875765718708795,5.287638241320654,1.4393631315976423,true,true,0.23300811065350727,true,true,5.706860983132287,3,1,10,150,"[0.125, 0.125, 0.125, 0.125, 0.125, 0.125, 0.125, 0.125]",0.1,2.0,1.0,0.01,1.0,0.1
0.3341387024608501,0.425413870246085,-0.0001533899071658456,0.00014892127825057278,23.846687443794476,185.21353291633648,0.4917541229385307,0.5377311344327835,0.5746081320779621,0.4858045916839329,1,true,true,0.13914988814317675,0.13986577181208054,-0.0008999089468370515,0.0,10.95158421860819,11.538249729948436,0.6989005497251375,0.6999000499750125,7.897962318717774e-5,1,0.021610157692109826,-0.0012453103222703585,0.8008053691275168,0.7961521252796421,6.261030098351333,6.072483055336235,1.3276187151823275,true,true,1.0192683717586697,true,true,6.285555083129165,8,2,10,150,"[0.125, 0.125, 0.125, 0.125, 0.125, 0.125, 0.125, 0.125]",0.1,2.0,1.0,0.01,1.0,0.1
0.1788814317673378,0.250917225950783,0.0,-0.00013037382631819744,16.504660123742028,20.208674628242903,0.5072463768115942,0.5412293853073463,0.35370488022243535,0.39839951387715067,1,true,true,0.12053691275167785,0.12053691275167785,0.0,0.0,9.925199928178271,11.083539313982593,0.6921539230384808,0.6851574212893553,-0.0006073328179140885,1,-0.01173976940354954,-0.00898299049587686,0.7887248322147651,0.7917673378076062,5.787307668468776,5.775408440107844,0.21142514971370954,true,true,0.5598862684379174,true,true,5.790370344704228,2,1,10,150,"[0.125, 0.125, 0.125, 0.125, 0.125, 0.125, 0.125, 0.125]",0.1,2.0,1.0,0.01,1.0,0.1
0.24554809843400446,0.2443847874720358,-0.0019248453630775146,-0.0002596915904097214,14.643246277558296,33.25610379441645,0.5204897551224388,0.5482258870564718,1.1671463258329786,1.1833848817658916,1,true,true,0.1297539149888143,0.13082774049217002,0.0,0.0,9.18449242513887,10.435842935039917,0.712143928035982,0.7106446776611695,-0.0001227851346533502,1,0.01140595473389145,-0.011785242552574664,0.7903355704697986,0.7833557046979865,5.173734683591208,5.585631963798596,3.967939118432596,false,false,1.8467603793517515,false,true,5.269889623333404,10,1,9,150,"[0.125, 0.125, 0.125, 0.125, 0.125, 0.125, 0.125, 0.125]",0.1,2.0,1.0,0.01,1.0,0.1
0.21798657718120806,0.2638926174496644,-0.001270613659942962,-9.893150790386402e-5,15.487639818276485,40.08327325875411,0.5154922538730635,0.5519740129935032,0.9448975106620825,0.9951753235931494,1,true,true,0.12053691275167785,0.1297539149888143,0.0,0.0,9.041868580949911,9.934134064460409,0.7016491754122939,0.708895552223888,0.0002702897111135957,1,-0.008895710506340235,-0.0005901036489288333,0.7941834451901566,0.8017897091722596,5.38923278117656,5.327583974020816,1.8686487354679615,true,true,1.1757669470613958,false,true,5.398836769859445,2,1,10,150,"[0.125, 0.125, 0.125, 0.125, 0.125, 0.125, 0.125, 0.125]",0.1,2.0,1.0,0.01,1.0,0.1
