rind_Mix,rindMixoos,adjrind_Mix,adjrindMixoos,midMix,midMixoos,bayesPmix,bayesPmixoos,lpsMixoos,lpsDPMoos,meanBeta1,meanBeta2,Mix_beta1_c1,mixEq,zeroInDPM,commonInDPM,zeroInDPM2,commonInDPM2,commonCovAll,rind_DPM,rind_DPMoos,adjrind_DPM,adjrind_DPMoos,midDPM,midDPMoos,bayesPDPM,bayesPDPMoos,dpm_beta1_c1,dpmEq,adjrind_K,adjrind_Koos,rind_K,rind_Koos,kmean_MSE,kmean_MSEoos,meanBetakclust1,zeroInk,commonInk,meanBetakclust2,zeroInk2,commonInk2,meanBetaSLR,meanBetaSLR2,zeroInSLR,commonInSLR,zeroInSLR2,commonInSLR2,slrRMSE,slrRMSEoos,ncMix,ncDPM,ncK,dpmARI,dpmRI,dpmARIoos,dpmRIoos,dpmRMSE,dpmRMSEoos,dpmnclusts,dpmBetaclust1,dpmBetaclust2,dpmzeroIn1,dpmcommonIn1,dpmzeroIn2,dpmcommonIn2,N,fractions,variance,interEffect,common,prec,alph,bet,xdiff,dims,salsoBinderARI_Mix,salsoVIARI_Mix,salsoBinderARI_Mixoos,salsoVIARI_Mixoos,salsoBinderARI_DPM,salsoVIARI_DPM,salsoBinderARI_DPMoos,salsoVIARI_DPMoos
0.8927577577577578,0.7469049049049049,0.7793669337023109,0.48442784986904736,5.908429400783748,5.842651452642821,0.46,0.45,-0.7712417992482987,0.6242367400208491,0.6151441843911817,-0.7055120541468893,-1.8113009522084536,1,true,true,true,true,1.0,0.861057057057057,0.7023223223223223,0.6909483676764153,0.34248766746939074,5.963579728202775,5.76167639885221,0.4125,0.395,-3.581164831295726,1,0.31521589407099876,0.3280587414561377,0.7154754754754755,0.7209329329329329,2.902166828062153,2.6673522241182996,-0.612268151767997,false,false,-0.19620380717444766,true,false,-0.22474070516216452,-0.32996096068397096,true,true,true,true,21.03297251475554,21.46227122184815,5,8,8,0.4209993021097791,0.7221961961961962,0.5340932849942623,0.7957117117117117,14.66935424467653,13.091005220768764,9,0.28828488174611394,5.032169784109167,true,true,true,true,1000,"[0.5515875301553, 0.24784425354465767, 0.11136360170762705, 0.0500388917956509, 0.022483923416113563, 0.01010267801785325, 0.004539425848571824, 0.0020396955142257174]",0.05,1.0,1.0,0.1,1.0,1.0,0.6,5,0.7894417324166154,0.7941662463065033,0.6623566774959917,0.2226885892960135,0.7161050383021288,0.7221907734897657,0.7509800151021402,0.4084020521672202
0.8042892892892892,0.7374284284284285,0.6093474804374108,0.4811432379886795,6.37072421196491,6.765033653255998,0.465,0.47,-1.639351141682739,-0.47531452475617963,0.22937728001274707,-0.21911757927818204,-3.8370490538355355,1,true,true,true,true,1.0,0.8756166166166166,0.7252562562562563,0.7380543379716266,0.4273732807535724,5.774303376463655,5.7577839324534885,0.435,0.40874999999999995,-3.460299306733139,1,0.42671769986836633,0.4041691203640956,0.7570950950950951,0.7475255255255255,2.5811272330015274,3.6565396403888903,3.2748251873879046,false,false,-1.253723354700339,false,true,1.0063235941367985,-2.1566392005083506,true,true,true,true,21.30380258770454,21.61565821358923,7,6,8,0.48339748110919334,0.7582322322322322,0.3047198199227093,0.7094754754754755,13.443875394305131,16.19315890187879,9,-8.23112091802291,-5.2533751011933605,true,true,true,true,1000,"[0.5515875301553, 0.24784425354465767, 0.11136360170762705, 0.0500388917956509, 0.022483923416113563, 0.01010267801785325, 0.004539425848571824, 0.0020396955142257174]",0.05,1.0,1.0,0.1,1.0,1.0,0.6,5,0.6121951736448246,0.6102138430944304,0.5372931078650897,0.20819850133835816,0.7475983384705241,0.7431919071107227,0.6686534587250907,0.20819850133835816
0.8584654654654655,0.7581721721721721,0.7121960467375192,0.512097759569145,6.866818350044595,7.285105428899116,0.4675,0.465,-1.1806669048527911,0.5635600602671059,0.40549211740965907,-0.02409897943540073,-3.624536642726521,1,true,true,true,true,1.0,0.8132252252252252,0.6764314314314315,0.5696850987535289,0.2599356414457023,5.5246528642815145,5.53879540361726,0.435,0.4325,-2.4190066227037503,1,0.3922560040400051,0.40934260461577326,0.7437317317317317,0.7513173173173173,2.4665151712381426,3.021135368643937,1.134286312264024,false,true,1.0329793541376504,false,false,1.739178474973709,0.99063366122816,true,true,true,true,21.554680375085674,21.22013321475347,9,8,8,0.3966342510468821,0.7064144144144144,0.5526682387565008,0.8013453453453453,8.441751320201632,8.177420554596047,7,-0.596792242756183,2.2810049550858738,true,true,true,true,1000,"[0.5515875301553, 0.24784425354465767, 0.11136360170762705, 0.0500388917956509, 0.022483923416113563, 0.01010267801785325, 0.004539425848571824, 0.0020396955142257174]",0.05,1.0,1.0,0.1,1.0,1.0,0.6,5,0.7163501415733567,0.7170340822547119,0.6154852753254473,0.23300302197314213,0.5679900652291227,0.5642657415547929,0.26194702068174863,0.35996861182761275
0.8606666666666667,0.7436426426426427,0.7164142803071905,0.48651579083273366,6.936774974902079,8.10325346382287,0.465,0.46875,-1.1265308758580055,0.34936183056736386,0.676104379566304,-0.05708610485009806,-1.6657439140898511,1,true,true,true,true,1.0,0.9234604604604605,0.7449889889889889,0.8394233759230495,0.47185225724053126,5.535264019781182,5.609491390297135,0.43374999999999997,0.4275,-3.8906862063178025,1,0.39131739331518206,0.37261905742413726,0.7435275275275275,0.7356476476476477,2.7712448731992363,3.1018299277818193,1.9851460376323888,false,false,-0.33241711222836545,true,false,1.0282441540228973,1.4106456365400233,true,true,true,false,21.13696516595651,21.178044654664507,9,6,8,0.46489259542816486,0.7496456456456456,0.7284902660265395,0.8756596596596596,13.81265185866596,18.71223480374417,8,-0.18683042913386752,2.7606954692942653,true,true,true,true,1000,"[0.5515875301553, 0.24784425354465767, 0.11136360170762705, 0.0500388917956509, 0.022483923416113563, 0.01010267801785325, 0.004539425848571824, 0.0020396955142257174]",0.05,1.0,1.0,0.1,1.0,1.0,0.6,5,0.7231076094320882,0.7278761898794697,0.5664910916511995,0.22604318416307634,0.8423618981388536,0.840198078576626,0.6488041234068087,0.33301702216491363
0.8622502502502503,0.7481001001001001,0.7197618426251766,0.4917052117939763,6.268727072868961,6.640923608741565,0.4675,0.465,-1.2569413830270706,0.8457076745940164,0.18556601555300323,-0.332796785231279,-3.6972185716484094,1,true,true,true,true,1.0,0.9517877877877878,0.7381921921921921,0.8974382197473101,0.4482965893300192,6.279474561082494,6.280259486989264,0.4475,0.42874999999999996,-3.5530178311610343,1,0.2782703679182493,0.2738314257203915,0.6993993993993994,0.6975015015015015,3.0143637401360386,2.911212357541774,0.7712718748354751,false,true,-0.45853079466244373,true,false,0.254905487852616,0.7682285484366069,true,true,true,true,21.034188795906466,21.376272363940114,5,9,8,0.35798640073395543,0.6987107107107107,0.5530385481542727,0.7996216216216216,10.976176294461085,10.070707993344085,5,0.5298049946117352,1.4232459935943174,true,true,true,true,1000,"[0.5515875301553, 0.24784425354465767, 0.11136360170762705, 0.0500388917956509, 0.022483923416113563, 0.01010267801785325, 0.004539425848571824, 0.0020396955142257174]",0.05,1.0,1.0,0.1,1.0,1.0,0.6,5,0.7344983345431214,0.7344711773243346,0.6104950032112433,0.22157540541822765,0.8982037685220514,0.8982037685220514,0.6878855763712955,0.4156715398164123
0.7307867867867868,0.711054054054054,0.48852165081965865,0.4507919395944736,7.330394925425416,10.025063286263952,0.4775,0.485,-1.7075437497754793,0.6472506012158469,0.8041574108670699,-1.094342282798253,-3.8309070728378884,1,true,true,true,true,1.0,0.7737677677677677,0.6577917917917918,0.4638760370822257,0.1921397345624881,5.853006481939385,6.222473604961497,0.4275,0.42,-4.519741835739182,1,0.32633330416819456,0.32599338397042926,0.7204004004004004,0.7203663663663664,2.7077331270214464,3.060612156391616,-1.3160748723301818,false,false,0.24186506037743039,true,false,0.5486625034727803,0.06641036631056024,true,true,true,true,21.59472359104224,21.398459961779057,6,10,8,0.39544113801611547,0.7119439439439439,0.7816217519910582,0.8988568568568569,10.238921576467876,12.888404568712305,6,2.0716442271552524,-6.721303231638191,true,true,true,true,1000,"[0.5515875301553, 0.24784425354465767, 0.11136360170762705, 0.0500388917956509, 0.022483923416113563, 0.01010267801785325, 0.004539425848571824, 0.0020396955142257174]",0.05,1.0,1.0,0.1,1.0,1.0,0.6,5,0.4940935987220074,0.488166138888462,0.4863816902820145,0.4436099711856159,0.39892074332567273,0.585567965618718,0.19502934692478746,0.4230724037333502
0.7223143143143143,0.7001911911911911,0.47670172012115003,0.4359015916127729,6.46583954748398,7.109316297194445,0.48124999999999996,0.49,-2.2076193000769524,0.6919322146583913,0.7716809328869625,-0.6066816283736756,1.0555567180011722,1,true,true,true,true,1.0,0.9210810810810811,0.7311071071071071,0.831629670383432,0.43345905207428254,5.873315914754959,6.076099302230295,0.44,0.43875,-3.5064367874874405,1,0.2401181330632108,0.2310669680504479,0.6852312312312312,0.682022022022022,3.0597407713889537,3.2901896789869425,-1.8506860815383035,false,false,2.3053900393339286,false,false,1.5954530367323174,1.6773498645937062,true,true,true,false,21.567310044166696,21.591944691671543,8,8,8,0.2883966779925868,0.6574434434434434,0.729541187889355,0.8751691691691692,11.509864839017393,8.826515967280217,6,-2.516871754855759,-1.3579446398761292,true,true,true,true,1000,"[0.5515875301553, 0.24784425354465767, 0.11136360170762705, 0.0500388917956509, 0.022483923416113563, 0.01010267801785325, 0.004539425848571824, 0.0020396955142257174]",0.05,1.0,1.0,0.1,1.0,1.0,0.6,5,0.47765533718186526,0.476204680814196,0.45857677189086443,0.43425091398032134,0.843554581246653,0.8480190741732563,0.683433038358889,0.43160955897763686
0.7217717717717718,0.6945995995995996,0.47761900985148087,0.4268617772270247,7.08015087708789,12.250361610481573,0.4825,0.4825,-2.3255572074551654,0.25511343595744673,0.20503201370335997,-0.9104890113531972,-4.137217431584773,1,true,true,true,true,1.0,0.9418818818818819,0.735947947947948,0.8767574871704888,0.4445171847687065,5.997849841675714,6.052231409886806,0.42125,0.4175,-3.9777287047642758,1,0.3300185903294369,0.3195305320665007,0.7213613613613613,0.7171571571571571,2.6548864273466757,3.178118705180567,-1.6506099331131343,false,false,-1.0308952846939365,false,true,-0.5787001096867687,0.1715366422657944,true,true,true,true,21.212867285673134,21.05851374895433,6,6,8,0.4630867290565572,0.7467487487487487,0.6332007255487496,0.8371911911911912,8.229717316317014,11.327905875374851,10,-1.5788483273886662,3.9068707097363684,true,true,true,true,1000,"[0.5515875301553, 0.24784425354465767, 0.11136360170762705, 0.0500388917956509, 0.022483923416113563, 0.01010267801785325, 0.004539425848571824, 0.0020396955142257174]",0.05,1.0,1.0,0.1,1.0,1.0,0.6,5,0.4777164824012696,0.47341339980868025,0.45435860225119207,0.41969031246167793,0.8831499266731679,0.8831499266731679,0.6887317476422508,0.3849525096508582
0.8317647647647648,0.7456526526526527,0.6600827932074562,0.4851203944912504,24.277268167379983,8.937516741850192,0.4575,0.455,-1.4049191084354273,0.714270088409626,0.10800105186472145,0.143163859048957,-3.814210686246149,1,true,true,true,true,1.0,0.9117827827827828,0.7201841841841842,0.8076355397776074,0.39584501427684093,5.94256132130769,6.156108384978198,0.44125000000000003,0.44125000000000003,-3.8084445387899555,1,0.3195056624320954,0.3050128521386128,0.7165105105105105,0.7102722722722723,2.4476676500297594,3.4694334034461765,0.10039139063814898,true,false,1.598487778484828,false,false,-0.6556070696670725,1.3685211897140253,true,true,true,false,21.040433769070695,21.113588130277357,9,7,8,0.35706368446418274,0.6914814814814815,0.7155840436963607,0.8633733733733734,10.105672827628002,8.631442526038636,3,-2.950026680343969,1.5828735574153476,false,false,false,false,1000,"[0.5515875301553, 0.24784425354465767, 0.11136360170762705, 0.0500388917956509, 0.022483923416113563, 0.01010267801785325, 0.004539425848571824, 0.0020396955142257174]",0.05,1.0,1.0,0.1,1.0,1.0,0.6,5,0.660632170248545,0.6644275226505629,0.5906091821991589,0.2434154804428053,0.8415950513868261,0.8458032379723515,0.7652966554205097,0.35261596651642596
0.8986936936936938,0.7513673673673673,0.791891234832957,0.4924771743201468,5.777888210701488,5.9834537567921435,0.47624999999999995,0.46625000000000005,-0.8486614792013388,0.4921013817904768,1.056673642767468,-0.27338604541548184,-3.7288076746152994,1,true,true,true,true,1.0,0.8232272272272272,0.689953953953954,0.5981022493958432,0.3001999347390579,5.956502428041131,6.138775176418196,0.4275,0.42374999999999996,-4.498804649044684,1,0.24232789312423594,0.24822705291270217,0.6877197197197197,0.6900440440440441,3.0496996703207953,3.1357794052065557,-2.4325850674045224,false,false,2.5765948848527405,false,false,-1.2503530660806157,1.8801067020280653,true,true,true,false,21.038485680302085,21.282743411792687,6,9,8,0.36336628183253883,0.6927887887887888,0.4163855591745152,0.7481261261261262,8.000808987392574,10.290919601625642,8,5.526266682533962,-2.3095984897265667,true,true,true,true,1000,"[0.5515875301553, 0.24784425354465767, 0.11136360170762705, 0.0500388917956509, 0.022483923416113563, 0.01010267801785325, 0.004539425848571824, 0.0020396955142257174]",0.05,1.0,1.0,0.1,1.0,1.0,0.6,5,0.7897203829088776,0.7900770922536874,0.6675784201318987,0.22341071741833224,0.703476912465159,0.8406175297590962,0.4927510662326812,0.4273167400822339
0.755028028028028,0.7217967967967968,0.524964733784875,0.46529137519272573,7.97235667114738,9.417084401718867,0.475,0.47124999999999995,-1.7402390871831008,0.8256232833217567,2.042761751607998,-1.1404389769680954,-3.9439765531789224,1,true,true,true,true,1.0,0.8188068068068068,0.6763483483483483,0.5846815149510716,0.2635206126464115,5.949440760672988,6.410127319517345,0.43374999999999997,0.43125,-3.7045556097657633,1,0.3075653729526033,0.3285717297183451,0.7122462462462462,0.7211631631631632,2.5338546278575085,3.7807690179799396,-3.3675936919528784,false,false,0.24261932003564188,true,false,2.235875087836037,-1.3928983012260399,true,true,true,true,20.908029563189025,21.354743695719797,13,8,8,0.38039623527896965,0.6919359359359359,0.42023981100272695,0.7495815815815816,15.145731740153291,15.40268447319578,7,-1.5962371410031784,-0.5582646226086766,true,true,true,true,1000,"[0.5515875301553, 0.24784425354465767, 0.11136360170762705, 0.0500388917956509, 0.022483923416113563, 0.01010267801785325, 0.004539425848571824, 0.0020396955142257174]",0.05,1.0,1.0,0.1,1.0,1.0,0.6,5,0.5387409330351812,0.5082620516208941,0.4917677296487092,0.43674958338877007,0.5842347608061401,0.5839362477815355,0.27283126674401953,0.38674780183517554
0.8057417417417417,0.7356146146146145,0.612743557664812,0.4642185543721523,6.937326934741516,7.710105881727375,0.455,0.455,-0.763532240091021,0.7252138427428996,0.08797640616838781,0.037492073626933485,-3.720812585135609,1,true,true,true,true,1.0,0.9365245245245245,0.7400810810810811,0.8657953390284129,0.45829304329415166,6.0517159911857945,6.109953102603127,0.425,0.425,-3.637952549577794,1,0.32034407516242963,0.32617849125036685,0.7175435435435435,0.7200440440440441,2.630284622087195,2.6815915965959527,-1.6808954960151212,false,false,2.2901194493453074,false,false,-2.395469288300508,0.1987781017462536,false,false,true,true,21.238375280166267,21.544770667232864,7,9,8,0.23597025627289686,0.6372372372372372,0.7178197754723538,0.8677037037037038,11.657210373595781,28.357146700947,4,35.233422597400676,4.28746681149834,false,false,true,true,1000,"[0.5515875301553, 0.24784425354465767, 0.11136360170762705, 0.0500388917956509, 0.022483923416113563, 0.01010267801785325, 0.004539425848571824, 0.0020396955142257174]",0.05,1.0,1.0,0.1,1.0,1.0,0.6,5,0.6888759693611223,0.6387832954626409,0.5509317719388938,0.4231362343870066,0.8658040785306285,0.8658040785306285,0.6413836902993348,0.4260201854014235
0.774033033033033,0.7234214214214214,0.5565794782133463,0.4582928184232843,6.97358018415728,7.420632036322026,0.46,0.45875,-1.7489194685545124,0.8045346714043436,0.23939651980525312,0.00019751034327829495,-4.053547759747007,1,true,true,true,true,1.0,0.9563023023023023,0.7371501501501502,0.9062366779426385,0.44327614249569836,6.088327593513558,6.353224222247352,0.43875,0.43,-3.8654243214620605,1,0.3064906512534935,0.30689256756434735,0.7126506506506507,0.7125645645645645,2.657554144715375,3.334827893825126,-1.4901719924873815,false,false,2.160610206693292,false,false,-1.6870654535214709,1.4726599722879905,true,false,true,false,21.45387903638948,21.437988298694208,7,11,8,0.32074698251190514,0.6759459459459459,0.26878856264500467,0.6983563563563564,11.104821785472826,9.26476047046494,9,-2.351757192735649,9.482283285381255,true,true,true,true,1000,"[0.5515875301553, 0.24784425354465767, 0.11136360170762705, 0.0500388917956509, 0.022483923416113563, 0.01010267801785325, 0.004539425848571824, 0.0020396955142257174]",0.05,1.0,1.0,0.1,1.0,1.0,0.6,5,0.5549835270927768,0.5502072961050725,0.5138315214333555,0.37405266498965306,0.9064796951060237,0.9064796951060237,0.7179493350008805,0.3830849638365489
0.8533363363363363,0.74594994994995,0.7021281809114523,0.48847694370886197,6.308912743487627,6.715443333816692,0.4775,0.48,-1.2866549517151056,0.7713390603961293,0.19363154769116453,-0.8257792276959017,-3.879149287908226,1,true,true,true,true,1.0,0.8235475475475476,0.676055055055055,0.5927989352985026,0.2581223018005354,6.014445605257355,6.425657047320439,0.435,0.44,-1.7411151224677763,1,0.3218400555382913,0.3204979789426571,0.7185865865865866,0.71796996996997,2.614172346412926,3.1948574863294366,-0.9023247677255851,false,false,0.2979838464599816,true,false,0.9053943004091014,1.0983908269348899,true,true,true,true,21.494172184544354,21.288913042076146,6,8,8,0.391348969947408,0.7215935935935935,0.6122326469819722,0.8254894894894895,15.433776735364784,13.619291086016421,6,-3.2127141495775944,-1.629123962386388,true,true,true,true,1000,"[0.5515875301553, 0.24784425354465767, 0.11136360170762705, 0.0500388917956509, 0.022483923416113563, 0.01010267801785325, 0.004539425848571824, 0.0020396955142257174]",0.05,1.0,1.0,0.1,1.0,1.0,0.6,5,0.7135236040684554,0.7212656655018802,0.6039502921360604,0.23227210878029045,0.5935076457183538,0.5935076457183538,0.2553599178560718,0.2434523904860737
0.74397997997998,0.7099459459459458,0.507880596150218,0.4483610139026935,7.104148663621565,8.194627265915267,0.475,0.47875,-1.86929553545779,0.7389215682863073,1.3246857444763886,-0.914732613496432,-4.1157380404572,1,true,true,true,true,1.0,0.8492832832832833,0.6843183183183184,0.655691189548465,0.28406651113752135,6.1191542667041965,6.134788915904959,0.4325,0.43125,-3.5084344756891532,1,0.3294695845742805,0.32691467993264267,0.7211731731731732,0.719911911911912,2.6137531298506413,2.9127017965310626,-0.23372614083473517,true,false,1.4073957489738198,false,false,-1.192485524554245,-1.075267494081667,true,true,true,true,21.222121321065938,21.17221075883188,6,10,8,0.468026855038555,0.7455855855855856,0.453308896345369,0.7637657657657657,11.746530893111535,16.22097727530075,7,3.7561355726239642,16.868924629868363,true,true,true,true,1000,"[0.5515875301553, 0.24784425354465767, 0.11136360170762705, 0.0500388917956509, 0.022483923416113563, 0.01010267801785325, 0.004539425848571824, 0.0020396955142257174]",0.05,1.0,1.0,0.1,1.0,1.0,0.6,5,0.5073632972257471,0.5024553086943261,0.4764304453728152,0.42292847370127684,0.6902847248109684,0.7233110084793691,0.3149005883333068,0.3787998244940964
0.8563343343343344,0.7524294294294295,0.7074887351176451,0.50055565136645,6.55764562426202,6.807955493992444,0.47,0.4625,-1.2707461818303063,-0.531034448261871,0.07251502159911068,-0.43101017522803875,-3.5642131691037156,1,true,true,true,true,1.0,0.7755215215215215,0.681014014014014,0.49938695176449494,0.2876932110797925,5.738607566603269,5.963453067504382,0.4725,0.455,-2.908950399507371,1,0.32509331360403937,0.3290404376844221,0.7193133133133133,0.7208528528528528,2.5351530355923573,2.8680470819352264,-1.6676442431223806,false,false,1.1396607555650058,false,false,-0.24267575535159328,0.254869272262245,true,true,true,true,21.300037029569612,21.42005522062463,6,6,8,0.32787567615543756,0.6877977977977978,0.6492793389174424,0.8404064064064064,13.823360096528514,11.336215318770877,5,-1.6588351338917726,1.385820672682159,true,true,true,true,1000,"[0.5515875301553, 0.24784425354465767, 0.11136360170762705, 0.0500388917956509, 0.022483923416113563, 0.01010267801785325, 0.004539425848571824, 0.0020396955142257174]",0.05,1.0,1.0,0.1,1.0,1.0,0.6,5,0.7147957019379968,0.7151527144678115,0.6181158479014727,0.22410691860986348,0.5783325920643566,0.7836532330327995,0.4061712726342263,0.20138749712062137
0.9031521521521522,0.7446406406406406,0.8008467784807193,0.47993210174341205,5.567333128492325,5.860968915392439,0.46,0.4525,-0.7137534608490913,0.36355516546071986,0.6587991379961342,-0.19255913336704383,-3.788962085357564,1,true,true,true,true,1.0,0.9139499499499499,0.7414724724724724,0.8179724548610117,0.45999627364906526,5.800150185769097,5.85739752596574,0.4325,0.4325,-3.832182801548047,1,0.3073860517808626,0.316176246068556,0.7128768768768768,0.7165825825825826,2.6705557603339702,2.8148089444865003,-0.5426326731112506,false,false,0.990443970376809,false,false,0.5010646820668349,-0.11076652989626955,true,true,true,true,21.42778681269325,21.272211916631033,6,7,8,0.4280199317249626,0.7162622622622623,0.6872808670421522,0.8564144144144145,13.719989310185946,14.146369574853603,6,-6.191744432544755,8.24257620321091,true,true,true,true,1000,"[0.5515875301553, 0.24784425354465767, 0.11136360170762705, 0.0500388917956509, 0.022483923416113563, 0.01010267801785325, 0.004539425848571824, 0.0020396955142257174]",0.05,1.0,1.0,0.1,1.0,1.0,0.6,5,0.8022332366620976,0.8047687624817826,0.6710254655301634,0.2210140414858854,0.8191902802702178,0.8201039412127913,0.676792076830223,0.42326490146552814
0.7251851851851852,0.696894894894895,0.48242384682122297,0.4264743982204783,7.388934964172692,7.623358263611377,0.475,0.4725,-2.0034849124867757,0.6935718928034991,0.17901644871153136,-0.36274419451271966,-3.937727029625633,1,true,true,true,true,1.0,0.8886086086086086,0.7111301301301302,0.7573283760896244,0.3808298532676697,5.886198623415892,5.896216595730453,0.415,0.4225,-3.531638671964327,1,0.3133257151737456,0.32241601905834655,0.714906906906907,0.7184484484484485,2.5644751342634393,3.031398134638245,-0.10212638887010546,true,false,0.151789271146881,true,false,-1.3664455215485458,-3.0124750407420473,true,false,false,true,21.24804031470677,21.259381233211325,7,8,8,0.5315023502977823,0.7774354354354355,0.7806175829026101,0.8960180180180181,11.048058063734409,9.77031760988727,4,-1.2724456726744693,0.7777056301676079,true,false,true,false,1000,"[0.5515875301553, 0.24784425354465767, 0.11136360170762705, 0.0500388917956509, 0.022483923416113563, 0.01010267801785325, 0.004539425848571824, 0.0020396955142257174]",0.05,1.0,1.0,0.1,1.0,1.0,0.6,5,0.4841347882317535,0.481014296389638,0.45995133735330707,0.43042389877597986,0.7907716852352341,0.8091307148180888,0.7214471900949663,0.3731831514211784
0.7258298298298298,0.6960030030030031,0.48308467751740136,0.4286388001558822,7.0119124197682865,7.32929150097377,0.4825,0.4875,-2.10801885310525,0.7070283558758479,3.1757659551262307,-0.9999349049332189,-3.997804970198887,1,false,true,true,true,1.0,0.8609149149149149,0.6958058058058059,0.6869247704503538,0.32403311008594415,6.411741530855827,6.290361005326749,0.4325,0.4175,-2.5139745607314117,1,0.3194183944694886,0.29855211898286876,0.7171171171171171,0.7084464464464465,2.8243220836513423,3.7156881887112863,1.2824480698931617,false,true,2.094047665818479,false,false,0.2410346187558851,1.2566996127646337,true,true,true,true,21.801995927658897,21.254451486627516,6,12,8,0.3800233751335425,0.7024064064064064,0.4553488972163259,0.765013013013013,11.137966168463114,9.862642152043481,7,-3.8345593782115817,1.674804469585364,true,true,true,true,1000,"[0.5515875301553, 0.24784425354465767, 0.11136360170762705, 0.0500388917956509, 0.022483923416113563, 0.01010267801785325, 0.004539425848571824, 0.0020396955142257174]",0.05,1.0,1.0,0.1,1.0,1.0,0.6,5,0.4809635101427073,0.47953248862968834,0.4469352402665765,0.41982390688103355,0.7407580521117547,0.8001163469899752,0.6140200542036923,0.26460228184692924
0.7828018018018018,0.7309499499499499,0.5714700517937565,0.47190893172904713,7.010222811457949,10.132097314934203,0.4725,0.46875,-1.6676690506270027,0.7044503113122726,0.8664902922138289,-0.7245545855951686,-3.8379647874251015,1,true,true,true,true,1.0,0.9218918918918919,0.731993993993994,0.8341943707544178,0.43728970962979674,5.895899883146882,6.024274952581705,0.4325,0.4325,-4.484780706787464,1,0.3326037855082111,0.332175321277099,0.723019019019019,0.7231851851851852,2.5538374809508086,3.073117120650144,-0.36693528387850677,true,false,0.0894388175222936,true,false,1.5957282293602557,-2.311998733751749,true,true,false,true,21.25717265075137,21.43913623234441,6,7,8,0.45638659540283355,0.7388448448448448,0.7564353480693763,0.8823363363363363,11.02330820124805,10.605408434969057,3,-0.8219190113052871,-0.41344386392919374,true,false,true,true,1000,"[0.5515875301553, 0.24784425354465767, 0.11136360170762705, 0.0500388917956509, 0.022483923416113563, 0.01010267801785325, 0.004539425848571824, 0.0020396955142257174]",0.05,1.0,1.0,0.1,1.0,1.0,0.6,5,0.5738615828118415,0.5612578085064113,0.5177093555872416,0.30268485941255646,0.8411741542087412,0.8434083747507409,0.6788845225307197,0.3417523196951453
0.8644584584584585,0.7556176176176176,0.723696075971922,0.5056336159155053,6.099878889084056,6.9473981933576985,0.47,0.4675,-1.0823607493468743,0.7515019733873975,0.07047138758502355,-0.26887985634552786,-3.7187890185718775,1,true,true,true,true,1.0,0.9221021021021021,0.7314644644644646,0.8319228744216273,0.4262087920220386,5.793354675794985,6.068695842422806,0.435,0.43,-2.439179431518933,1,0.3989974095702217,0.3901305391989077,0.7463863863863864,0.7429729729729729,2.7320957748508876,3.06677233805144,0.3332114317417693,true,false,0.4587621048298744,true,false,0.09694080158217695,0.9636434482203543,true,true,true,true,21.268011861784416,21.26533299792437,6,7,8,0.3694480184346798,0.7021821821821822,0.6616435480375153,0.8466786786786786,11.461938447913095,15.336367106594253,7,-8.985591664930977,-2.5164881799670824,true,true,true,true,1000,"[0.5515875301553, 0.24784425354465767, 0.11136360170762705, 0.0500388917956509, 0.022483923416113563, 0.01010267801785325, 0.004539425848571824, 0.0020396955142257174]",0.05,1.0,1.0,0.1,1.0,1.0,0.6,5,0.7297117693235958,0.7304752136246622,0.6432447187307229,0.229364021675144,0.8406041245993396,0.8448169308665164,0.7667896834491532,0.3606031672141261
0.9352772772772773,0.7438148148148148,0.8637000499336207,0.47093306090764464,6.024321136835916,6.184684197439401,0.43875,0.445,-0.33462925076656636,0.5397560228969175,-0.4748703536786678,-0.022412624551233724,-2.2698404695958088,1,true,true,true,true,1.0,0.7856506506506507,0.6809259259259259,0.503927840538265,0.2653195746274203,5.712314775097958,5.683196351032306,0.44625000000000004,0.4525,-4.099530235476131,1,0.3127667500562299,0.3105626522181103,0.7147607607607608,0.714014014014014,2.4134012088379753,2.564774267457602,-1.9834331018998925,false,false,0.6611804914441756,false,false,-0.22828286282521343,-1.7110717344796402,true,true,true,true,21.092933406534716,21.64902237211075,7,8,8,0.4378244201931544,0.7380760760760761,0.7712249803231961,0.8928248248248248,13.843082316199082,12.102960061510341,5,-7.004758722900206,0.23120336992522614,true,true,true,true,1000,"[0.5515875301553, 0.24784425354465767, 0.11136360170762705, 0.0500388917956509, 0.022483923416113563, 0.01010267801785325, 0.004539425848571824, 0.0020396955142257174]",0.05,1.0,1.0,0.1,1.0,1.0,0.6,5,0.8761815832479105,0.8738216161166679,0.6560168598592708,0.2690135502373607,0.5151602445227815,0.8174558842781731,0.25294559395319843,0.3513583624039224
0.8595195195195195,0.7494584584584585,0.7141277645654311,0.49523439163797434,6.593902497535935,7.663148442737694,0.4675,0.47,-1.2944516046878345,0.7348526155693592,0.21157795138592692,-0.6059723755566278,-1.5872930342488625,1,true,true,true,true,1.0,0.9436376376376376,0.7450850850850851,0.8804352503668395,0.4655789152644816,6.126061156016704,6.709788153126859,0.43374999999999997,0.4575,-5.148019743232434,1,0.3860866284234505,0.39278438331378046,0.7417517517517518,0.7443423423423423,2.5141634698544575,5.309364378806741,3.452328295166236,false,false,-2.616360052693465,false,false,0.7768340681330124,0.2581066988422036,true,true,true,true,21.218838802983495,21.227354559519476,6,7,8,0.3762585352963047,0.7021881881881882,0.5442116682912564,0.7976976976976977,10.630474878444208,8.658846399596225,6,-2.6057485232998903,-1.2482312128644784,true,true,true,true,1000,"[0.5515875301553, 0.24784425354465767, 0.11136360170762705, 0.0500388917956509, 0.022483923416113563, 0.01010267801785325, 0.004539425848571824, 0.0020396955142257174]",0.05,1.0,1.0,0.1,1.0,1.0,0.6,5,0.7256709855499702,0.728256161184904,0.6039875234650377,0.21670066361619755,0.8804352503668395,0.8806053734233302,0.6949547630895475,0.4222885589177394
0.7221421421421421,0.7044164164164164,0.47630251675510693,0.4422681426222052,6.508775169950944,7.082636723365592,0.4875,0.485,-2.1718215452437453,0.3606299797354929,0.22436589533126872,-1.3762507361048757,-3.9041642499393525,1,true,true,true,true,1.0,0.8364584584584585,0.6984974974974976,0.6296810568877369,0.3206243265997124,5.666443239846018,6.141635678522115,0.43125,0.4325,-4.385668091249668,1,0.32149425712932483,0.31886724213555506,0.7175855855855856,0.7167847847847848,2.551513087599416,3.217152783894439,-2.8634579830724753,false,false,0.5002556085215699,true,false,-0.7107277711165755,-1.5203164064999797,true,true,true,true,21.223896292652135,21.655763875893115,6,10,8,0.39037791639144664,0.6936436436436436,0.7213675846129853,0.8663203203203204,9.87060681543532,8.084764731147414,4,-2.3115735879555404,3.7629948331022858,true,true,true,true,1000,"[0.5515875301553, 0.24784425354465767, 0.11136360170762705, 0.0500388917956509, 0.022483923416113563, 0.01010267801785325, 0.004539425848571824, 0.0020396955142257174]",0.05,1.0,1.0,0.1,1.0,1.0,0.6,5,0.47567168600202897,0.469588808003343,0.4670364831809483,0.44141012491709936,0.6854976900311162,0.6958866255147422,0.5396572746682505,0.4363675271221699
0.7253953953953953,0.700990990990991,0.48123290515099604,0.43427155329383127,7.660292880781963,7.872628948278303,0.485,0.48,-2.2746476453271356,0.8906632339096601,1.5806496085262003,-0.7325110220575524,1.2504513036133358,1,true,true,true,true,1.0,0.835003003003003,0.6801171171171172,0.6193771979730228,0.2672407062878703,6.020052769135011,6.2851046603848735,0.43374999999999997,0.44,-2.3424718399356226,1,0.31660492269204876,0.3336023721720582,0.7164524524524525,0.7226626626626627,2.5070229442075678,3.086552514026257,-0.808986836595377,false,false,1.18057524624191,false,false,1.7380492322822265,-0.11432091298517179,true,true,true,true,21.480139947265496,21.190468992339316,5,11,8,0.39966980832407095,0.7228728728728728,0.49011411105951413,0.7791591591591591,13.584076402679097,17.85430075298412,7,-2.465710329432045,8.413206898398652,true,true,true,true,1000,"[0.5515875301553, 0.24784425354465767, 0.11136360170762705, 0.0500388917956509, 0.022483923416113563, 0.01010267801785325, 0.004539425848571824, 0.0020396955142257174]",0.05,1.0,1.0,0.1,1.0,1.0,0.6,5,0.4817448701652,0.478749920757022,0.4548321336779333,0.4113473933790391,0.6190252984452179,0.619040425221074,0.1654420006577376,0.3873118108654592
0.954037037037037,0.748048048048048,0.902845187200812,0.47340630494854974,6.2633811438733815,6.595709824641209,0.4375,0.4425,-0.4294784333995829,0.20998982631821073,-0.2540460965506292,0.2633249103672056,-3.7128322038980137,1,true,true,true,true,1.0,0.90806006006006,0.7285495495495495,0.8017500676403035,0.41988118002175406,5.85353067887352,6.155115273287737,0.4275,0.435,-3.621513244833237,1,0.3370058988511013,0.31525073184197194,0.723985985985986,0.7152552552552552,2.461941588680113,3.068503006606099,-0.6667794426933199,false,false,0.5671297636883668,false,false,1.2691948628809067,-0.9979688197113578,true,true,true,true,21.25616427088584,21.25161369163152,6,9,8,0.40408589153820024,0.7282642642642643,0.5173726612510848,0.789005005005005,13.143761248909716,11.568916457038597,7,-2.5835861345624975,2.953553757241859,true,true,true,true,1000,"[0.5515875301553, 0.24784425354465767, 0.11136360170762705, 0.0500388917956509, 0.022483923416113563, 0.01010267801785325, 0.004539425848571824, 0.0020396955142257174]",0.05,1.0,1.0,0.1,1.0,1.0,0.6,5,0.9482067367298052,0.9826947244810952,0.6726426591604869,0.4002717212648106,0.8023881480246978,0.8023881480246978,0.7631228144839187,0.38447196403675427
0.8705085085085085,0.7466746746746746,0.7353928345473278,0.4876431187370502,7.775935862874312,20.53886511097642,0.475,0.4725,-1.1269705466995246,-0.07723455397237544,0.2620523449097627,-0.9545969973268793,-3.716250445904347,1,true,true,true,true,1.0,0.8908648648648648,0.7101991991991992,0.7648038030064139,0.37897658464225004,6.080737168814704,6.234315434423773,0.4375,0.44,-4.256713601937711,1,0.356144290011015,0.3836975021652969,0.729071071071071,0.7404364364364364,2.8396267464501688,3.848008891631408,-0.2581817564960038,true,false,-1.6791113523743537,false,false,-1.740954752178942,0.5645750906457287,true,false,true,true,21.210641865195726,21.371218123603263,10,6,8,0.4363880152621625,0.7339079079079079,0.5777000917342209,0.8109329329329329,10.92405418485167,9.272396010127546,5,-4.2394311930327255,3.908756673872553,true,true,true,true,1000,"[0.5515875301553, 0.24784425354465767, 0.11136360170762705, 0.0500388917956509, 0.022483923416113563, 0.01010267801785325, 0.004539425848571824, 0.0020396955142257174]",0.05,1.0,1.0,0.1,1.0,1.0,0.6,5,0.7316960404590535,0.7231977373143752,0.5950574891828672,0.21059469645097104,0.7969089331846351,0.7969089331846351,0.7635076599227618,0.3479991131475366
0.7315635635635636,0.7103503503503503,0.49063064198215295,0.4508524700021169,6.435422242936504,7.73595135369558,0.475,0.475,-1.8407345112202733,0.7093217664316668,3.0145311360819007,-1.1235674702758434,-3.8080029523146557,1,false,true,true,true,1.0,0.9344384384384384,0.7393483483483484,0.8605704890778638,0.4518553677548084,5.888655432576436,6.014252562308455,0.44125000000000003,0.43,-2.476382616889958,1,0.3322041112689092,0.3273629959038861,0.723071071071071,0.721019019019019,2.3876120452677063,2.7697139382472162,-0.5903971687275067,false,false,0.9512437177887094,false,false,-1.0415627933181952,-0.9001576708954135,true,true,true,true,21.418606707350484,21.415937619432036,7,7,8,0.3443284912867692,0.6862822822822823,0.49728675805362543,0.7748928928928929,10.527181850984817,9.752574342639106,4,-2.5845975956316387,-0.2034568936282638,false,false,true,true,1000,"[0.5515875301553, 0.24784425354465767, 0.11136360170762705, 0.0500388917956509, 0.022483923416113563, 0.01010267801785325, 0.004539425848571824, 0.0020396955142257174]",0.05,1.0,1.0,0.1,1.0,1.0,0.6,5,0.5029287193863584,0.494192241187185,0.476311479212113,0.41767237696814036,0.8672920570657353,0.8673829835609578,0.713485920798081,0.3939499002285623
0.8107127127127127,0.7417697697697697,0.6205024682135292,0.48762697196277793,6.713128003533737,7.6838646518318,0.465,0.475,-1.5359005763679698,-0.4801967855276217,0.5009137282282501,-0.3032285419907518,-1.0531877868323436,1,true,true,true,true,1.0,0.7716256256256256,0.6826866866866866,0.49058774581489706,0.29178888551559673,5.600515902439616,5.943236759472859,0.465,0.47,-4.6705586150758975,1,0.3257931318063995,0.3399484212254101,0.719991991991992,0.7258218218218219,2.5249967454064834,3.042219911928963,-0.774100255086141,false,false,0.5476593847592659,false,false,0.6203083463132016,1.4572106808150587,true,true,true,false,21.548399714216767,21.127913910528793,10,6,8,0.3502184868820607,0.6966086086086086,0.6560114549844387,0.8453653653653653,11.626433838103864,42.18737826607789,6,-49.682744508099766,21.936863270448097,false,false,true,true,1000,"[0.5515875301553, 0.24784425354465767, 0.11136360170762705, 0.0500388917956509, 0.022483923416113563, 0.01010267801785325, 0.004539425848571824, 0.0020396955142257174]",0.05,1.0,1.0,0.1,1.0,1.0,0.6,5,0.612842017577703,0.6125754089451224,0.5238445608369876,0.42149906820937877,0.5373465790409658,0.7715900549563393,0.4277112112949584,0.22031774525373546
0.7614494494494495,0.7293823823823824,0.5353732119727429,0.47371045117468735,6.768645487750889,8.483176910567142,0.48,0.475,-2.3751446106512306,0.79813811747519,0.15133400900001004,-0.0840457420462738,-3.9098489105858705,1,true,true,true,true,0.8,0.8239179179179179,0.6727837837837838,0.5915223220899475,0.24283595384829387,5.744474255166804,6.210174953180511,0.4225,0.4225,-3.373470730081125,1,0.3139256886195328,0.3008774773040842,0.7158958958958959,0.7102462462462462,2.202371626258994,3.677462458343814,0.5194025930164935,false,false,0.0574221103307112,true,false,1.1083584637358028,0.49121146338814764,true,true,true,true,21.305758218457967,21.203141810951525,5,8,8,0.35165230461315783,0.6971891891891892,0.4210360025271475,0.755063063063063,11.678363662543994,10.208155504907861,8,-6.727091221981615,-0.030042682012141626,true,true,true,true,1000,"[0.5515875301553, 0.24784425354465767, 0.11136360170762705, 0.0500388917956509, 0.022483923416113563, 0.01010267801785325, 0.004539425848571824, 0.0020396955142257174]",0.05,1.0,1.0,0.1,1.0,1.0,0.6,5,0.5337619974992764,0.4821857756722417,0.5143637837054293,0.37425719170286154,0.6087158170413479,0.6284821404101918,0.2551428856814112,0.3551659716678398
0.7672992992992993,0.7294624624624624,0.5453473755392191,0.47284151086036785,7.018755805799778,10.479749772442283,0.47,0.4775,-1.9068991557107906,0.724917878425442,0.4503690041440038,-0.10000943959584103,-3.809546290830277,1,true,true,true,true,1.0,0.9416916916916916,0.7422202202202202,0.8760184831897989,0.45869276845053836,5.948212264456855,6.181505809033832,0.42125,0.43625,-3.648983485572089,1,0.32075492014487783,0.31901006184696395,0.7177657657657658,0.7173113113113113,2.6573444200358898,3.1312688850657517,-0.9845677718258964,false,false,1.4725998296212883,false,false,1.4378008830261872,0.57153219456895,true,true,true,true,21.21929965945123,21.102796907941997,8,8,8,0.39641325776242065,0.7156076076076076,0.49834587562815086,0.7755855855855855,10.368835416075829,9.298956950843769,5,1.7930496633731992,4.374356905293878,false,true,false,false,1000,"[0.5515875301553, 0.24784425354465767, 0.11136360170762705, 0.0500388917956509, 0.022483923416113563, 0.01010267801785325, 0.004539425848571824, 0.0020396955142257174]",0.05,1.0,1.0,0.1,1.0,1.0,0.6,5,0.5445396457980349,0.5054202121793328,0.5053010401913506,0.4179836102683653,0.8760184831897989,0.8760184831897989,0.6993622981721593,0.36379171733181587
0.8016226226226226,0.735045045045045,0.6039219369377675,0.4718551081077499,15.68938862984444,8.414899844022216,0.465,0.47,-1.6372278101152176,0.8686716561165945,-0.01973234139388099,-0.18739255661363063,-3.651754814863975,1,true,true,true,true,1.0,0.9283463463463464,0.7166056056056056,0.8424727607216236,0.3812375056909715,5.726325976595115,5.930557418478861,0.4125,0.4075,-5.765617377480837,1,0.3297479464805633,0.3134057820177896,0.7214054054054054,0.7146226226226227,2.4020455841973525,2.9120700968662794,-3.2353690433280757,false,false,0.4182249804517566,true,false,0.4704903866415384,2.5558816274215963,true,true,false,false,21.393955279918234,21.243907963433738,15,7,8,0.43819869223358254,0.7267367367367368,0.4855212114823266,0.7773633633633633,8.750495038727085,9.028276599227427,8,-9.57366429631565,0.8607476388116327,true,true,true,true,1000,"[0.5515875301553, 0.24784425354465767, 0.11136360170762705, 0.0500388917956509, 0.022483923416113563, 0.01010267801785325, 0.004539425848571824, 0.0020396955142257174]",0.05,1.0,1.0,0.1,1.0,1.0,0.6,5,0.6085670491036459,0.6003062640681304,0.5367681475628391,0.22675316160560027,0.853150697104878,0.853150697104878,0.7291724811476122,0.3934429538093756
0.765972972972973,0.7324624624624625,0.5419755758727336,0.4779378705529978,6.662411843892334,8.446125169750296,0.4725,0.46625000000000005,-1.9473143199613163,-0.6941343939849182,0.6534623525064898,-0.7066323733995474,-3.834546807513707,1,true,true,true,true,1.0,0.9021241241241241,0.757985985985986,0.7989121273105264,0.5066659267929494,5.321659451598395,5.390605391636093,0.465,0.4675,-3.6811882925047064,1,0.3126427665003521,0.3169086194967742,0.714038038038038,0.7155555555555555,2.739525733231998,3.0112059953133388,0.08145408470152839,true,false,-0.15800749362958416,true,false,1.7141952721726887,0.3811253326834161,true,true,true,true,21.17412063575583,21.90166717248215,7,4,8,0.4135353626586578,0.7214274274274274,0.4237746359920639,0.7538558558558559,9.123945618461855,15.824493669592941,7,-7.193030685493522,-7.993030961831758,true,true,true,true,1000,"[0.5515875301553, 0.24784425354465767, 0.11136360170762705, 0.0500388917956509, 0.022483923416113563, 0.01010267801785325, 0.004539425848571824, 0.0020396955142257174]",0.05,1.0,1.0,0.1,1.0,1.0,0.6,5,0.5371026871240163,0.5190111144677905,0.5089522077669191,0.4180010228643423,0.7996749397470855,0.8001840361539415,0.6926380165176138,0.23831896485920728
0.9366776776776777,0.736896896896897,0.8675106689475025,0.4571235046095571,6.089843920849441,6.426371043970966,0.43374999999999997,0.41,-0.2980591391432208,-0.46670322385004587,-0.44926096381560443,0.19440556348159999,-2.2997743797537717,1,true,true,true,true,1.0,0.8443273273273273,0.7155835835835835,0.6695597861903867,0.40295556347594985,5.703740657459848,5.953857333681461,0.44125000000000003,0.4275,-3.366576197027424,1,0.3744103199372839,0.37776333241316157,0.7367747747747748,0.7381321321321321,2.3841865371534303,2.9986293468246936,0.8545703065062162,false,true,0.5082786666565678,true,false,-0.30213696900969367,0.07981575125488702,true,true,true,true,21.282951696341577,21.03401649314465,5,6,8,0.4111168044204303,0.7243923923923924,0.6591508652362172,0.8474494494494494,11.995822743537971,10.75645405886168,7,-2.243475551993021,4.007194904217271,true,true,true,true,1000,"[0.5515875301553, 0.24784425354465767, 0.11136360170762705, 0.0500388917956509, 0.022483923416113563, 0.01010267801785325, 0.004539425848571824, 0.0020396955142257174]",0.05,1.0,1.0,0.1,1.0,1.0,0.6,5,0.8812707846260411,0.8812707846260411,0.6243183861016903,0.43648417025162983,0.6966855869100209,0.7008294994501947,0.6977160894689739,0.20958953181906262
0.84704004004004,0.7518868868868869,0.6897142271789547,0.5010088269912614,6.077072159969573,6.723420666633725,0.4675,0.465,-1.3117942209471343,0.7826668115004478,0.2835325745483054,-0.18303621692536076,-3.8137810439211703,1,true,true,true,true,1.0,0.8404704704704704,0.7022862862862862,0.6408258757269703,0.33880290900036536,5.809201684252978,5.960047283184655,0.4225,0.43,-3.450376420242196,1,0.3398022675598511,0.34208281942711993,0.7251431431431431,0.7262542542542543,2.4962624376623674,2.69916703206785,-0.03593807721471061,true,false,1.0000870346407833,false,false,-1.472229518197949,0.054710176295244266,true,false,true,true,21.19054419751776,21.43625196030235,8,9,8,0.42779021561102304,0.7232112112112112,0.4477812521115218,0.7586226226226226,8.021858317562232,9.391117312863377,7,-3.0081697293512915,1.4128796267804569,true,true,true,true,1000,"[0.5515875301553, 0.24784425354465767, 0.11136360170762705, 0.0500388917956509, 0.022483923416113563, 0.01010267801785325, 0.004539425848571824, 0.0020396955142257174]",0.05,1.0,1.0,0.1,1.0,1.0,0.6,5,0.6949564479196872,0.6976481973840135,0.601435322193475,0.25258656637507304,0.6436768085254578,0.6443316504261979,0.7464425409482179,0.4090875927509306
0.9134404404404404,0.7509119119119119,0.8215765305494438,0.49135651607831615,5.94182131977723,6.840368878528544,0.45875,0.4675,-0.7054634265386784,0.6340524744111432,-0.6644359551845144,-0.06513726794874881,-3.7814066142795713,1,true,true,true,true,1.0,0.9538138138138138,0.751985985985986,0.9025291328427105,0.4817285811133387,6.027847257762284,6.449996441729429,0.4225,0.425,-3.7980305116066093,1,0.2779049938939931,0.27227192526138555,0.6985305305305305,0.6965525525525526,2.5615266450014,3.9702711565149316,-1.0580906318967207,false,false,1.9090953196780251,false,false,-0.8764478103178123,-0.8408044236986745,true,true,true,true,21.296888680294405,21.07493570477591,6,7,8,0.4847259323597889,0.7590750750750751,0.40474833997728904,0.748004004004004,12.771381206316494,12.574599289873591,8,-4.4342682747540305,0.8287755384870626,true,true,true,true,1000,"[0.5515875301553, 0.24784425354465767, 0.11136360170762705, 0.0500388917956509, 0.022483923416113563, 0.01010267801785325, 0.004539425848571824, 0.0020396955142257174]",0.05,1.0,1.0,0.1,1.0,1.0,0.6,5,0.8259780358885975,0.8269537241584246,0.6726137467462053,0.22266823944551975,0.9032454122891281,0.9034146127367313,0.6703407919546197,0.39042659183486866
0.7308988988988989,0.7105675675675676,0.4894734598006327,0.44753447629980564,6.590789764419005,8.872318656015981,0.48,0.48624999999999996,-1.9678026619987259,-0.5255094862761099,0.8086257120084993,-0.4870590425190996,-4.134321756189768,1,true,true,true,true,1.0,0.7623103103103103,0.6801671671671672,0.46863407318629924,0.28573098581546086,5.586223821102437,5.882485984976604,0.46,0.4675,-5.009452141130913,1,0.41179980766878055,0.38267723295556244,0.7514534534534535,0.7392432432432432,2.442281481471247,2.911818940862744,0.2851329990203789,true,false,0.09126332849455498,true,false,-1.1433542898258289,-0.17379050329600154,true,true,true,true,21.24953134483458,21.224504977386307,6,6,8,0.37869334309903663,0.6842562562562563,0.4625554282922782,0.7682602602602603,15.294603246444423,20.605470419718607,7,-3.56882198419597,3.1347788990019634,true,true,true,true,1000,"[0.5515875301553, 0.24784425354465767, 0.11136360170762705, 0.0500388917956509, 0.022483923416113563, 0.01010267801785325, 0.004539425848571824, 0.0020396955142257174]",0.05,1.0,1.0,0.1,1.0,1.0,0.6,5,0.5055400706002418,0.47823232405263333,0.4774480895089559,0.4068892775856011,0.5069900189683859,0.7563964029728596,0.333762189370234,0.19352543612620637
0.7637857857857857,0.7292002002002003,0.540005859077525,0.47002833537733923,7.004492309019095,7.5920098692851194,0.475,0.4775,-2.148586370188704,0.7557315388835909,0.28416058956222345,-0.14988035233340824,-3.8689841438305006,1,true,true,true,true,1.0,0.831021021021021,0.6855845845845846,0.6136225017757507,0.28560773510871,5.912705052688511,6.021840533804738,0.43,0.4275,-3.7890752480684515,1,0.4682828273794369,0.42605678401912017,0.7736016016016016,0.7565565565565565,2.3702954897977557,3.231662943573443,-1.1378080294397988,false,false,-0.6378841061023822,false,true,1.1016060856745165,2.136077125805947,true,true,true,false,21.117181731589405,21.372090149376593,5,10,8,0.440371049002186,0.7385925925925926,0.6831726674227555,0.8579539539539539,8.911978449692016,8.20918648790771,9,-3.171438900247495,6.913959863509888,true,true,true,true,1000,"[0.5515875301553, 0.24784425354465767, 0.11136360170762705, 0.0500388917956509, 0.022483923416113563, 0.01010267801785325, 0.004539425848571824, 0.0020396955142257174]",0.05,1.0,1.0,0.1,1.0,1.0,0.6,5,0.5471903823309348,0.4821857756722417,0.5221942614454792,0.25938109283714095,0.6163129734225286,0.6320649871314067,0.2951531535796829,0.2861828148393726
0.8815715715715715,0.7556156156156155,0.7571006008977359,0.5036135187739665,5.499564845159905,5.6452459759920774,0.46875,0.47,-0.8228365751911018,0.04408941850968341,1.8663628085465516,-1.8666378816189457,-3.606554444689996,1,true,true,true,true,1.0,0.9108528528528529,0.744954954954955,0.814358007808927,0.47306368875818683,5.331683209493111,5.433538891546272,0.44375,0.43625,-2.3610483844873467,1,0.4071073881624962,0.3795846000225123,0.7498038038038038,0.7384164164164164,2.410673301504418,2.765059620209988,2.683207749385678,false,false,-1.6993439866632483,false,false,1.7642987911587773,-0.15039399101220213,true,true,true,true,20.882561227265192,21.61960289926721,4,7,8,0.3757567259000962,0.7051031031031031,0.350521600545738,0.73001001001001,10.645860204605208,11.282769031851895,10,4.038563400248663,-4.179430078620356,true,true,true,true,1000,"[0.5515875301553, 0.24784425354465767, 0.11136360170762705, 0.0500388917956509, 0.022483923416113563, 0.01010267801785325, 0.004539425848571824, 0.0020396955142257174]",0.05,1.0,1.0,0.1,1.0,1.0,0.6,5,0.7608550699105086,0.758462926735091,0.6525761540079489,0.2141819748515185,0.8144345251459898,0.8149097248255135,0.6435677406534253,0.43202344075210314
0.8194724724724725,0.7419289289289289,0.6374064990839736,0.48734546047504557,6.62197075863553,7.691583355789335,0.46875,0.47624999999999995,-1.4807685837515596,0.7495078413201749,0.1725758076111593,-0.6229030794924924,-4.021267164142901,1,true,true,true,true,1.0,0.8357517517517518,0.6834714714714715,0.6230635876108535,0.2786208547068032,5.899441104691849,6.487473254056169,0.425,0.4325,-4.0518746372994965,1,0.3210460884287101,0.3164525110862243,0.7173053053053053,0.7156576576576577,2.4865329240163563,3.5715290548047602,0.3563786182000832,true,false,-0.6048040130489003,false,true,-0.7381562620857952,-1.1320284142913741,true,true,true,true,21.34498996675247,21.2489162113992,7,9,8,0.3415161429895806,0.6908088088088088,0.720788556147676,0.8724944944944945,11.89904542003795,11.703554762065025,8,1.4385152542383364,1.2835672341862099,true,true,true,true,1000,"[0.5515875301553, 0.24784425354465767, 0.11136360170762705, 0.0500388917956509, 0.022483923416113563, 0.01010267801785325, 0.004539425848571824, 0.0020396955142257174]",0.05,1.0,1.0,0.1,1.0,1.0,0.6,5,0.6365421061931285,0.6360164981461512,0.548176340896337,0.2685189733127559,0.6382296229276659,0.6699349998638533,0.24364056964000913,0.3415438304297636
0.7703743743743743,0.7292872872872873,0.5507341014425888,0.4702798128811762,6.704725770727448,6.9392158428371316,0.4675,0.47,-1.7884377364520887,0.7981807783296113,0.13208039284732237,-0.2731476494612451,-3.7929985760738454,1,true,true,true,true,1.0,0.9478938938938939,0.7408278278278277,0.8887524912892063,0.452613189523588,5.6704338528095795,5.933861155032805,0.43625,0.46,-3.4735038686160014,1,0.3266468370581844,0.2963454210301416,0.7202282282282282,0.7076396396396396,2.7926765309461414,3.10085603074717,-1.215175059732799,false,false,-0.21362473463025866,true,false,0.2950496566481128,-2.0347904638905354,true,true,true,true,21.201823555881795,21.37737019487416,8,8,8,0.3347192283584272,0.6922442442442442,0.3583585491964338,0.7266086086086087,13.063401480281858,10.779427996373558,6,-2.126602418242142,3.3077291096410946,true,true,true,true,1000,"[0.5515875301553, 0.24784425354465767, 0.11136360170762705, 0.0500388917956509, 0.022483923416113563, 0.01010267801785325, 0.004539425848571824, 0.0020396955142257174]",0.05,1.0,1.0,0.1,1.0,1.0,0.6,5,0.5508184586417852,0.5263988658411165,0.5170634388563666,0.2589883608411642,0.8887524912892063,0.8887524912892063,0.7068097466122423,0.2690474493291102
0.7698428428428428,0.7308668668668669,0.5493451932152262,0.47601334256585,6.853651023001456,8.16434118994239,0.4675,0.45375,-1.7422203415301138,0.6120124048645073,0.43885328950634506,-0.2195152857866759,-3.942099219641489,1,true,true,true,true,1.0,0.934982982982983,0.755024024024024,0.8625265983515948,0.48591057434796037,5.892072341348248,6.650886218473309,0.4375,0.4025,-3.762056960100233,1,0.3880181101229492,0.3757367411220372,0.7425025025025025,0.7377177177177178,2.48400197502276,3.86457458733402,0.8501040033043102,false,true,0.031212309022457745,true,false,-0.7410478822889452,-0.6794088075857477,true,true,true,true,21.230813234163353,21.1655748464612,9,7,8,0.31839051915138855,0.678968968968969,0.33965187585023804,0.7269189189189189,11.270950155425028,12.904965084245998,11,-0.26690934284430295,-4.286571716219728,true,true,true,true,1000,"[0.5515875301553, 0.24784425354465767, 0.11136360170762705, 0.0500388917956509, 0.022483923416113563, 0.01010267801785325, 0.004539425848571824, 0.0020396955142257174]",0.05,1.0,1.0,0.1,1.0,1.0,0.6,5,0.5492737535294488,0.5423482268965835,0.510867673696062,0.42098976718296893,0.8642628818683797,0.8648575227547416,0.7077604292169624,0.4186659901331679
0.8841001001001001,0.7486846846846846,0.7621443930174356,0.49065297227562293,6.384333578294228,7.071776023560189,0.47,0.46875,-1.0402533691604186,0.4039222871163145,0.6031861478596074,-0.19973822385536055,-3.628222195690543,1,true,true,true,true,1.0,0.9076636636636637,0.7257297297297297,0.8010626398878968,0.4143368517484115,6.02708172086529,6.354667826434759,0.4325,0.4275,-3.281044564783864,1,0.31857145853357616,0.28100805363014053,0.715995995995996,0.7004764764764765,2.6178753650581816,2.996147308475241,-1.4285315537561312,false,false,-0.007951086615190613,true,false,2.1876670206294277,1.7753312958649532,true,true,true,false,21.311372155978727,21.65982221908734,7,7,8,0.28326508673458783,0.6665965965965966,0.4359177582846379,0.756988988988989,12.06524240796948,10.610309258457399,7,-4.025894115485319,0.9850522170939334,true,true,true,true,1000,"[0.5515875301553, 0.24784425354465767, 0.11136360170762705, 0.0500388917956509, 0.022483923416113563, 0.01010267801785325, 0.004539425848571824, 0.0020396955142257174]",0.05,1.0,1.0,0.1,1.0,1.0,0.6,5,0.7642404495227325,0.7666155554317329,0.6388339897143206,0.22891611891253064,0.8070567943735807,0.8047536548692453,0.7260930511598672,0.23997855051786268
0.7928578578578579,0.7324284284284284,0.5886312588583398,0.47379405362121557,7.224164159351282,7.942499720585728,0.4775,0.475,-1.711531066939795,0.7066406708707299,0.10993807067266957,-0.28546079320645223,-3.89986432930506,1,true,true,true,true,1.0,0.8742802802802803,0.7008998998998999,0.7195651592958012,0.33822997566917634,6.031750907967567,6.2020297089242735,0.4375,0.44625000000000004,-3.952797074463394,1,0.3164874567685265,0.3179417014511012,0.7154514514514515,0.7164904904904905,2.7321385596576824,3.414363092031526,0.3345412823385629,true,false,-0.595255997532724,false,true,0.3398445630596308,0.5208565246063671,true,true,true,true,21.32768454481951,21.207244399064237,10,7,8,0.43469537308230577,0.7350970970970971,0.5763987517996831,0.8112492492492492,11.29062472129908,9.739410865787013,5,-4.432188912525599,5.857607716891471,true,true,true,true,1000,"[0.5515875301553, 0.24784425354465767, 0.11136360170762705, 0.0500388917956509, 0.022483923416113563, 0.01010267801785325, 0.004539425848571824, 0.0020396955142257174]",0.05,1.0,1.0,0.1,1.0,1.0,0.6,5,0.5855649059361072,0.5594067049677148,0.5130567418193255,0.357504886964144,0.7637048990725697,0.7707546390816764,0.6929162324736864,0.36297486840184523
0.9483883883883883,0.7412402402402403,0.891586108407929,0.46140319883543746,5.56776919690651,5.748335270898009,0.425,0.4525,0.3088511002593924,0.6796813067447738,-2.382649945477798,2.397266307815742,-3.7678451981208383,1,true,true,true,true,0.8,0.8235655655655656,0.6749559559559559,0.5942814797050824,0.25671288885593313,5.912567926260981,6.123249085969107,0.43,0.4375,-3.013880880149973,1,0.40140691318232224,0.3734304267699471,0.7477057057057057,0.7356776776776777,2.2882203402561094,3.7566874170919755,-0.3243242277125336,true,false,1.5018059182339476,false,false,0.0772114155802527,-2.930713784407885,true,true,false,true,21.075172247284,21.08007384627829,5,8,8,0.3931861293370161,0.7124984984984984,0.49481815895457903,0.7764744744744745,10.126552831205295,9.822929338976351,5,3.842185076398098,5.062819367296764,true,true,true,true,1000,"[0.5515875301553, 0.24784425354465767, 0.11136360170762705, 0.0500388917956509, 0.022483923416113563, 0.01010267801785325, 0.004539425848571824, 0.0020396955142257174]",0.05,1.0,1.0,0.1,1.0,1.0,0.6,5,0.8938047316831599,0.8934437585004588,0.665926082950382,0.333476113216187,0.6073495839057367,0.9174105803156394,0.2654029834789704,0.34737071839151995
0.7201031031031031,0.7018378378378378,0.4746839806430718,0.43743574400047064,6.602004692051603,7.075220070727695,0.48,0.48,-2.2069662091252114,0.4589991818046424,1.2396979329591284,-1.2405582621149782,-3.94809095473794,1,true,true,true,true,1.0,0.9464084084084085,0.7472382382382383,0.8872244912515372,0.47310675745656305,5.209454693406151,5.42548359270277,0.4325,0.445,-3.877884528013869,1,0.31343246991917556,0.3215648896189847,0.7151411411411411,0.7186106106106106,2.5304202182589925,3.0048954219163497,-0.3155715519799695,true,false,0.24457424512224782,true,false,0.47001721494479,-1.0115673045852493,true,true,true,true,21.115324617300505,21.35827095155899,6,6,8,0.4185145026106898,0.6980640640640641,0.6397995056547034,0.8356096096096096,12.868082307772504,11.321919868733868,5,-0.6182353722386484,-0.20050440489680563,true,true,true,true,1000,"[0.5515875301553, 0.24784425354465767, 0.11136360170762705, 0.0500388917956509, 0.022483923416113563, 0.01010267801785325, 0.004539425848571824, 0.0020396955142257174]",0.05,1.0,1.0,0.1,1.0,1.0,0.6,5,0.4765115818330682,0.4738432602502159,0.47111040106986957,0.4545243716836167,0.8873574317644319,0.8870900313761569,0.6916435288924513,0.42111789807808525
0.9008128128128128,0.7565145145145145,0.7960773552217713,0.502829627516318,6.179052634755636,6.650969450947083,0.46875,0.47,-0.793758103540227,0.7385452795009462,0.42965870137420314,-1.046354858927144,-3.7473388837434722,1,true,true,true,true,1.0,0.8635455455455456,0.7007197197197197,0.6928518101910996,0.3356529121543531,6.175830797081294,6.552357116230501,0.435,0.4375,-3.4234058705901687,1,0.31770296444107554,0.3291410689971786,0.7164064064064064,0.7211091091091091,3.0962519201901566,2.981133708764944,-0.790825062637305,false,false,1.2708648356730738,false,false,0.7266974920878092,0.07398763811771827,true,true,true,true,21.369783693043058,21.446677829558617,6,8,8,0.41913250398984714,0.7242582582582583,0.4774042979156783,0.769961961961962,10.768330500156999,9.561841581376658,5,-0.337188185796448,3.079743500365434,true,true,true,true,1000,"[0.5515875301553, 0.24784425354465767, 0.11136360170762705, 0.0500388917956509, 0.022483923416113563, 0.01010267801785325, 0.004539425848571824, 0.0020396955142257174]",0.05,1.0,1.0,0.1,1.0,1.0,0.6,5,0.7942057378903913,0.7941675274330818,0.679722445410362,0.2269611382697282,0.7162484611415503,0.7335672353275625,0.6410892514071082,0.3832831619829907
0.7624054054054055,0.7256706706706706,0.5379506902483178,0.4660120076282949,7.344045383180402,7.861463602828247,0.4725,0.47,-1.7413052591069944,-0.4792673290557162,0.07607609038193833,-0.20224550716884504,-3.9674896772633765,1,true,true,true,true,1.0,0.8498298298298298,0.7142692692692693,0.6789746006973968,0.39515539650067455,6.043642951365325,5.968142386022493,0.42,0.44,-4.951233002596958,1,0.3118716042084233,0.30357570268726225,0.7145025025025025,0.7108088088088088,3.292256885494596,3.050337701901175,-0.7967828309291786,false,false,0.5772431234260692,false,false,-1.394670999172293,-2.2203615811543096,true,false,false,true,20.76037254027865,21.460435067853183,8,7,8,0.4392317891186074,0.7296336336336336,0.7341587990705415,0.8751471471471471,10.7497949528803,9.284648566480623,6,0.9816259423043512,-1.6535003214465802,true,true,true,true,1000,"[0.5515875301553, 0.24784425354465767, 0.11136360170762705, 0.0500388917956509, 0.022483923416113563, 0.01010267801785325, 0.004539425848571824, 0.0020396955142257174]",0.05,1.0,1.0,0.1,1.0,1.0,0.6,5,0.5610724621790548,0.5723127852007519,0.5100931203612614,0.3574024377324027,0.7122104277306897,0.7239716727770962,0.6969686529472918,0.20138749712062137
0.872048048048048,0.7568838838838838,0.7388638590014484,0.5100524216820397,6.369429652487679,6.989005585075059,0.475,0.47124999999999995,-0.9971547988904006,0.7017889240499626,0.0015807976933052972,-0.1276011271119743,-3.7287929522163217,1,true,true,true,true,1.0,0.8449049049049049,0.6934264264264265,0.6477238044074578,0.30886250906658785,6.029341700805401,6.296381540343813,0.4425,0.44625000000000004,-3.911610136589039,1,0.3102858262982768,0.3278118861125134,0.714032032032032,0.7211931931931932,2.539161701875126,3.199897856063221,-0.7063270752958309,false,false,0.8794986701009925,false,false,-1.0080565225115987,0.8618618779199817,true,true,true,true,21.27162654171139,21.419417166296473,6,10,8,0.4078137214460566,0.7143683683683684,0.5635312068349411,0.8063243243243243,8.97491656116939,7.193063313046693,7,0.9471073434312521,1.0196413918051817,true,true,true,false,1000,"[0.5515875301553, 0.24784425354465767, 0.11136360170762705, 0.0500388917956509, 0.022483923416113563, 0.01010267801785325, 0.004539425848571824, 0.0020396955142257174]",0.05,1.0,1.0,0.1,1.0,1.0,0.6,5,0.7370642646144872,0.738170951291953,0.6284046515166335,0.22435043278909855,0.7087904566040562,0.7582347748575367,0.45182636579685487,0.4167033837918283
0.7314804804804804,0.7002892892892892,0.49075412069851854,0.43411502429022686,6.462090379740439,6.9590854743681385,0.48124999999999996,0.4825,-1.9184473781409395,0.7309894432074068,0.2888476547970663,-0.5758581903954292,-0.1278688282087721,1,true,true,true,true,1.0,0.9211431431431432,0.7260460460460461,0.8298959362378637,0.416222331805817,5.899783748354422,6.3152661611288705,0.43875,0.4375,-6.08341001656426,1,0.3374287372698725,0.3243091555745005,0.7222122122122122,0.7164944944944945,2.4820781608118447,3.2818698804860746,0.464209536812457,false,false,0.13503617945776686,true,false,0.1545521450468221,-0.06556673499354222,true,true,true,true,21.46462147661333,21.597779505822437,6,8,8,0.4644337374118724,0.749063063063063,0.7316319358642415,0.8727867867867868,14.675182529928454,12.323275467022913,3,-3.7299293154165056,3.645276824059275,false,false,false,false,1000,"[0.5515875301553, 0.24784425354465767, 0.11136360170762705, 0.0500388917956509, 0.022483923416113563, 0.01010267801785325, 0.004539425848571824, 0.0020396955142257174]",0.05,1.0,1.0,0.1,1.0,1.0,0.6,5,0.4928683014803276,0.4918966160297724,0.46133294471702585,0.4222734711437537,0.8365422897704247,0.8429944177689901,0.7227345517951038,0.37348012103282596
